name,category,age_bracket,focus_duration,play_mode,interest_fit,price
Weather Station #1,STEM,0-3 years,5-10 minutes,independent,animals and nature,89.69
Telescope for Kids #2,STEM,0-3 years,5-10 minutes,independent,animals and nature,30.14
Wind Tunnel Kit #3,STEM,6-9 years,15-30 minutes,social,animals and nature,56.66
Electronic Circuit Kit #4,STEM,9-12 years,5-10 minutes,independent,fantasy and adventure,53.6
Electronic Circuit Kit #5,STEM,3-6 years,30+ minutes,social,animals and nature,15.67
Weather Station #6,STEM,3-6 years,5-10 minutes,social,animals and nature,88.92
Telescope for Kids #7,STEM,3-6 years,30+ minutes,independent,fantasy and adventure,38.72
Eco Adventure Pack #8,STEM,9-12 years,30+ minutes,independent,fantasy and adventure,13
Junior Engineer Set #9,STEM,6-9 years,30+ minutes,independent,animals and nature,48.71
Junior Chemist Kit #10,STEM,6-9 years,15-30 minutes,social,creative arts and expression,29.09
Electronic Circuit Kit #11,STEM,6-9 years,30+ minutes,independent,fantasy and adventure,78.02
Telescope for Kids #12,STEM,6-9 years,15-30 minutes,social,creative arts and expression,118.8
Telescope for Kids #13,STEM,3-6 years,5-10 minutes,independent,animals and nature,99.51
Rube Goldberg Kit #14,STEM,6-9 years,5-10 minutes,social,animals and nature,80.38
Coding Robot #15,STEM,9-12 years,30+ minutes,independent,creative arts and expression,21.06
Telescope for Kids #16,STEM,6-9 years,30+ minutes,social,fantasy and adventure,50.93
Junior Engineer Set #17,STEM,9-12 years,15-30 minutes,social,animals and nature,91.91
Weather Station #18,STEM,3-6 years,5-10 minutes,social,fantasy and adventure,12.31
Coding Robot #19,STEM,6-9 years,15-30 minutes,social,fantasy and adventure,103.99
Microscope Kit #20,STEM,6-9 years,15-30 minutes,social,fantasy and adventure,44.12
Eco Science Explorer #21,STEM,6-9 years,15-30 minutes,social,fantasy and adventure,92.63
Wind Tunnel Kit #22,STEM,9-12 years,30+ minutes,social,fantasy and adventure,63.38
Crystal Growing Kit #23,STEM,3-6 years,15-30 minutes,independent,fantasy and adventure,42.28
Microscope Kit #24,STEM,3-6 years,5-10 minutes,social,animals and nature,11.66
Water Filtration Kit #25,STEM,9-12 years,15-30 minutes,social,animals and nature,117.47
Telescope for Kids #26,STEM,6-9 years,15-30 minutes,social,fantasy and adventure,23.99
Wind Tunnel Kit #27,STEM,9-12 years,30+ minutes,independent,fantasy and adventure,91.86
Crystal Growing Kit #28,STEM,6-9 years,15-30 minutes,social,creative arts and expression,108.46
Junior Chemist Kit #29,STEM,3-6 years,5-10 minutes,social,animals and nature,72.66
Junior Engineer Set #30,STEM,6-9 years,5-10 minutes,independent,animals and nature,12.75
Solar Robot Kit #31,STEM,9-12 years,15-30 minutes,independent,creative arts and expression,81.93
Crystal Growing Kit #32,STEM,6-9 years,30+ minutes,social,animals and nature,95.23
Geology Kit #33,STEM,3-6 years,5-10 minutes,social,creative arts and expression,53.71
Junior Chemist Kit #34,STEM,9-12 years,15-30 minutes,independent,animals and nature,51.3
Rube Goldberg Kit #35,STEM,9-12 years,15-30 minutes,independent,animals and nature,66.67
Plant Growth Lab #36,STEM,6-9 years,15-30 minutes,independent,animals and nature,55.96
Telescope for Kids #37,STEM,0-3 years,5-10 minutes,independent,animals and nature,111.53
Junior Engineer Set #38,STEM,3-6 years,15-30 minutes,independent,creative arts and expression,108.78
Magnetic Science Set #39,STEM,3-6 years,30+ minutes,social,creative arts and expression,37.8
Telescope for Kids #40,STEM,6-9 years,15-30 minutes,independent,creative arts and expression,30.04
Solar Robot Kit #41,STEM,6-9 years,15-30 minutes,social,animals and nature,10.77
Stomp Rocket Set #42,STEM,6-9 years,30+ minutes,independent,animals and nature,115.49
Bug Exploration Kit #43,STEM,9-12 years,15-30 minutes,independent,fantasy and adventure,104.11
Coding Robot #44,STEM,3-6 years,30+ minutes,independent,fantasy and adventure,73.37
Eco Adventure Pack #45,STEM,0-3 years,5-10 minutes,social,creative arts and expression,28.49
Rube Goldberg Kit #46,STEM,3-6 years,5-10 minutes,social,creative arts and expression,41.36
Bug Exploration Kit #47,STEM,0-3 years,5-10 minutes,independent,animals and nature,66.83
Wind Tunnel Kit #48,STEM,3-6 years,30+ minutes,independent,animals and nature,47.5
Magnetic Science Set #49,STEM,6-9 years,15-30 minutes,social,fantasy and adventure,118.14
Wind Tunnel Kit #50,STEM,0-3 years,15-30 minutes,social,fantasy and adventure,16.91
Plant Growth Lab #51,STEM,3-6 years,30+ minutes,independent,creative arts and expression,37.4
Crystal Growing Kit #52,STEM,6-9 years,15-30 minutes,social,fantasy and adventure,61.18
Solar Robot Kit #53,STEM,0-3 years,5-10 minutes,social,animals and nature,5.41
Plant Growth Lab #54,STEM,6-9 years,15-30 minutes,social,fantasy and adventure,86.15
Telescope for Kids #55,STEM,0-3 years,5-10 minutes,independent,fantasy and adventure,9.14
Robot Building Set #56,STEM,6-9 years,15-30 minutes,independent,animals and nature,40.45
Solar Robot Kit #57,STEM,9-12 years,15-30 minutes,independent,fantasy and adventure,16.82
Telescope for Kids #58,STEM,9-12 years,30+ minutes,independent,animals and nature,104.43
Magnetic Science Set #59,STEM,9-12 years,5-10 minutes,social,creative arts and expression,97.26
Junior Engineer Set #60,STEM,3-6 years,15-30 minutes,independent,creative arts and expression,105.3
Stomp Rocket Set #61,STEM,3-6 years,15-30 minutes,social,creative arts and expression,40.1
Junior Engineer Set #62,STEM,3-6 years,15-30 minutes,social,creative arts and expression,37.04
Bug Exploration Kit #63,STEM,9-12 years,15-30 minutes,social,fantasy and adventure,117.83
Telescope for Kids #64,STEM,3-6 years,5-10 minutes,social,animals and nature,71.77
Electronic Circuit Kit #65,STEM,0-3 years,5-10 minutes,social,fantasy and adventure,95.44
Geology Kit #66,STEM,6-9 years,15-30 minutes,social,fantasy and adventure,26.86
Solar Robot Kit #67,STEM,6-9 years,5-10 minutes,independent,creative arts and expression,54.6
Rube Goldberg Kit #68,STEM,6-9 years,30+ minutes,independent,fantasy and adventure,108.51
Wind Tunnel Kit #69,STEM,3-6 years,15-30 minutes,social,fantasy and adventure,39
Plant Growth Lab #70,STEM,3-6 years,15-30 minutes,social,fantasy and adventure,91.04
Magnetic Science Set #71,STEM,6-9 years,15-30 minutes,independent,creative arts and expression,38
Geology Kit #72,STEM,6-9 years,30+ minutes,social,creative arts and expression,55.81
Crystal Growing Kit #73,STEM,6-9 years,30+ minutes,independent,fantasy and adventure,14.75
Wind Tunnel Kit #74,STEM,6-9 years,30+ minutes,independent,animals and nature,82.37
Junior Engineer Set #75,STEM,9-12 years,15-30 minutes,independent,animals and nature,118.15
Eco Adventure Pack #76,STEM,9-12 years,15-30 minutes,social,fantasy and adventure,71.2
Coding Robot #77,STEM,6-9 years,15-30 minutes,independent,animals and nature,94.52
Junior Engineer Set #78,STEM,3-6 years,30+ minutes,social,animals and nature,69.1
Weather Station #79,STEM,6-9 years,30+ minutes,social,creative arts and expression,75.46
Wind Tunnel Kit #80,STEM,6-9 years,30+ minutes,social,animals and nature,90.52
Stomp Rocket Set #81,STEM,6-9 years,30+ minutes,social,fantasy and adventure,60.73
Junior Engineer Set #82,STEM,3-6 years,5-10 minutes,social,animals and nature,36.25
Rube Goldberg Kit #83,STEM,9-12 years,15-30 minutes,independent,animals and nature,49.05
Plant Growth Lab #84,STEM,6-9 years,5-10 minutes,social,creative arts and expression,67.4
Geology Kit #85,STEM,0-3 years,15-30 minutes,social,fantasy and adventure,113.8
Microscope Kit #86,STEM,9-12 years,30+ minutes,social,creative arts and expression,5.68
Robot Building Set #87,STEM,3-6 years,5-10 minutes,social,fantasy and adventure,90.96
Telescope for Kids #88,STEM,6-9 years,30+ minutes,social,animals and nature,36.39
Stomp Rocket Set #89,STEM,0-3 years,5-10 minutes,social,fantasy and adventure,23.98
Junior Chemist Kit #90,STEM,9-12 years,30+ minutes,independent,creative arts and expression,73.07
Microscope Kit #91,STEM,0-3 years,5-10 minutes,social,animals and nature,10.78
Coding Robot #92,STEM,3-6 years,15-30 minutes,social,creative arts and expression,37
Geology Kit #93,STEM,3-6 years,5-10 minutes,independent,fantasy and adventure,67.03
Robot Building Set #94,STEM,3-6 years,5-10 minutes,independent,animals and nature,114.21
Crystal Growing Kit #95,STEM,9-12 years,30+ minutes,independent,animals and nature,59.46
Weather Station #96,STEM,6-9 years,15-30 minutes,social,creative arts and expression,24.3
Eco Adventure Pack #97,STEM,9-12 years,30+ minutes,independent,creative arts and expression,17.43
Microscope Kit #98,STEM,9-12 years,30+ minutes,social,creative arts and expression,113.27
Crystal Growing Kit #99,STEM,0-3 years,5-10 minutes,independent,animals and nature,85.18
Eco Science Explorer #100,STEM,9-12 years,30+ minutes,independent,fantasy and adventure,95
Sensory Ribbon Wand #1,Sensory,3-6 years,15-30 minutes,independent,fantasy and adventure,44.24
Glow-in-the-dark Slime #2,Sensory,6-9 years,15-30 minutes,social,fantasy and adventure,107.53
Stacking Sensory Cups #3,Sensory,3-6 years,15-30 minutes,social,fantasy and adventure,36.06
Soft Squishy Blocks #4,Sensory,3-6 years,15-30 minutes,social,fantasy and adventure,35.87
Calming Bottle #5,Sensory,6-9 years,5-10 minutes,social,animals and nature,91.3
Sensory Sorting Tray #6,Sensory,3-6 years,5-10 minutes,independent,creative arts and expression,25.91
Light & Sound Blocks #7,Sensory,0-3 years,5-10 minutes,independent,fantasy and adventure,85.64
Weighted Plush #8,Sensory,3-6 years,15-30 minutes,independent,animals and nature,87.81
Sound Matching Set #9,Sensory,3-6 years,5-10 minutes,independent,fantasy and adventure,61.44
Kinetic Sand Set #10,Sensory,0-3 years,5-10 minutes,independent,creative arts and expression,81.36
Sensory Ribbon Wand #11,Sensory,3-6 years,15-30 minutes,independent,fantasy and adventure,68.29
Sensory Ribbon Wand #12,Sensory,3-6 years,5-10 minutes,independent,animals and nature,87.95
Therapy Putty #13,Sensory,0-3 years,5-10 minutes,social,animals and nature,27.03
Sound Matching Set #14,Sensory,0-3 years,5-10 minutes,social,fantasy and adventure,37.54
Touch & Feel Blocks #15,Sensory,6-9 years,15-30 minutes,independent,creative arts and expression,6.63
Soft Squishy Blocks #16,Sensory,0-3 years,5-10 minutes,independent,creative arts and expression,85.2
Scented Play Dough #17,Sensory,3-6 years,15-30 minutes,independent,animals and nature,71.02
Sound Matching Set #18,Sensory,3-6 years,5-10 minutes,social,creative arts and expression,113.22
Sound Matching Set #19,Sensory,0-3 years,5-10 minutes,independent,fantasy and adventure,77.39
Water Beads Tub #20,Sensory,0-3 years,15-30 minutes,social,animals and nature,119.3
Touch & Feel Blocks #21,Sensory,3-6 years,15-30 minutes,independent,fantasy and adventure,30.95
Sensory Path Mat #22,Sensory,0-3 years,15-30 minutes,independent,fantasy and adventure,118.85
Fidget & Focus Kit #23,Sensory,3-6 years,5-10 minutes,social,animals and nature,113.97
Light & Sound Blocks #24,Sensory,3-6 years,5-10 minutes,independent,animals and nature,24.99
Sensory Bin Starter #25,Sensory,0-3 years,5-10 minutes,independent,creative arts and expression,38.49
Calming Bottle #26,Sensory,0-3 years,5-10 minutes,social,animals and nature,84.05
Weighted Plush #27,Sensory,3-6 years,15-30 minutes,independent,animals and nature,53.89
Soft Squishy Blocks #28,Sensory,0-3 years,5-10 minutes,independent,animals and nature,13.21
Textured Ball Set #29,Sensory,3-6 years,15-30 minutes,social,creative arts and expression,55.5
Stacking Sensory Cups #30,Sensory,3-6 years,15-30 minutes,social,fantasy and adventure,67.1
Stacking Sensory Cups #31,Sensory,0-3 years,5-10 minutes,independent,creative arts and expression,74.43
Kinetic Sand Set #32,Sensory,0-3 years,30+ minutes,social,fantasy and adventure,72.52
Kinetic Sand Set #33,Sensory,9-12 years,30+ minutes,independent,animals and nature,92.76
Textured Ball Set #34,Sensory,3-6 years,15-30 minutes,social,animals and nature,119.65
Glow-in-the-dark Slime #35,Sensory,3-6 years,15-30 minutes,independent,creative arts and expression,51.96
Therapy Putty #36,Sensory,3-6 years,30+ minutes,independent,fantasy and adventure,61.98
Bubble Tube #37,Sensory,6-9 years,15-30 minutes,independent,creative arts and expression,34.03
Touch & Feel Blocks #38,Sensory,9-12 years,30+ minutes,independent,animals and nature,80.63
Soft Squishy Blocks #39,Sensory,3-6 years,5-10 minutes,independent,fantasy and adventure,91.99
Stacking Sensory Cups #40,Sensory,3-6 years,5-10 minutes,independent,creative arts and expression,55.38
Sound Matching Set #41,Sensory,0-3 years,30+ minutes,independent,animals and nature,86.63
Fidget & Focus Kit #42,Sensory,3-6 years,15-30 minutes,independent,animals and nature,58.07
Touch & Feel Blocks #43,Sensory,3-6 years,5-10 minutes,social,creative arts and expression,63.52
Weighted Plush #44,Sensory,3-6 years,15-30 minutes,independent,creative arts and expression,68.4
Bubble Tube #45,Sensory,0-3 years,5-10 minutes,social,animals and nature,104.36
Weighted Plush #46,Sensory,3-6 years,30+ minutes,independent,fantasy and adventure,35.72
Kinetic Sand Set #47,Sensory,0-3 years,5-10 minutes,independent,fantasy and adventure,61.31
Scented Play Dough #48,Sensory,3-6 years,15-30 minutes,independent,fantasy and adventure,48.38
Therapy Putty #49,Sensory,6-9 years,30+ minutes,independent,creative arts and expression,31.86
Glow-in-the-dark Slime #50,Sensory,0-3 years,15-30 minutes,social,creative arts and expression,49.4
Scented Play Dough #51,Sensory,3-6 years,5-10 minutes,independent,fantasy and adventure,43.18
Touch & Feel Blocks #52,Sensory,6-9 years,15-30 minutes,independent,creative arts and expression,6.76
Scented Play Dough #53,Sensory,3-6 years,15-30 minutes,independent,creative arts and expression,94.88
Weighted Plush #54,Sensory,0-3 years,5-10 minutes,independent,creative arts and expression,103.02
Soft Squishy Blocks #55,Sensory,0-3 years,5-10 minutes,social,creative arts and expression,105.32
Water Beads Tub #56,Sensory,3-6 years,5-10 minutes,independent,creative arts and expression,119.7
Sensory Bin Starter #57,Sensory,3-6 years,5-10 minutes,independent,animals and nature,56.02
Fidget & Focus Kit #58,Sensory,6-9 years,5-10 minutes,social,creative arts and expression,46.22
Glow-in-the-dark Slime #59,Sensory,0-3 years,5-10 minutes,independent,animals and nature,24.55
Sensory Bin Starter #60,Sensory,3-6 years,5-10 minutes,independent,creative arts and expression,109.98
Scented Play Dough #61,Sensory,0-3 years,5-10 minutes,independent,fantasy and adventure,6.08
Stacking Sensory Cups #62,Sensory,6-9 years,30+ minutes,independent,creative arts and expression,113.7
Sensory Sorting Tray #63,Sensory,0-3 years,30+ minutes,independent,creative arts and expression,102.21
Light & Sound Blocks #64,Sensory,9-12 years,30+ minutes,independent,creative arts and expression,70.77
Sensory Sorting Tray #65,Sensory,0-3 years,5-10 minutes,independent,fantasy and adventure,50.52
Kinetic Sand Set #66,Sensory,3-6 years,15-30 minutes,social,animals and nature,109.72
Sound Matching Set #67,Sensory,6-9 years,30+ minutes,social,animals and nature,74.81
Sensory Ribbon Wand #68,Sensory,0-3 years,5-10 minutes,independent,fantasy and adventure,93.26
Scented Play Dough #69,Sensory,3-6 years,30+ minutes,independent,creative arts and expression,95.69
Water Beads Tub #70,Sensory,3-6 years,15-30 minutes,independent,creative arts and expression,42.57
Glow-in-the-dark Slime #71,Sensory,0-3 years,5-10 minutes,independent,creative arts and expression,66.05
Weighted Plush #72,Sensory,6-9 years,15-30 minutes,social,creative arts and expression,116.25
Fidget & Focus Kit #73,Sensory,3-6 years,5-10 minutes,independent,animals and nature,21.19
Calming Bottle #74,Sensory,6-9 years,30+ minutes,social,fantasy and adventure,47.06
Bubble Tube #75,Sensory,0-3 years,5-10 minutes,independent,fantasy and adventure,91.14
Weighted Plush #76,Sensory,3-6 years,15-30 minutes,social,animals and nature,82.61
Sound Matching Set #77,Sensory,0-3 years,15-30 minutes,independent,fantasy and adventure,30.46
Sensory Bin Starter #78,Sensory,3-6 years,15-30 minutes,social,fantasy and adventure,51.95
Scented Play Dough #79,Sensory,0-3 years,5-10 minutes,social,animals and nature,16.18
Soft Squishy Blocks #80,Sensory,0-3 years,5-10 minutes,independent,fantasy and adventure,85.1
Soft Squishy Blocks #81,Sensory,3-6 years,15-30 minutes,independent,creative arts and expression,80.32
Sound Matching Set #82,Sensory,3-6 years,30+ minutes,independent,fantasy and adventure,47.61
Stacking Sensory Cups #83,Sensory,3-6 years,5-10 minutes,independent,fantasy and adventure,47.24
Sensory Ribbon Wand #84,Sensory,0-3 years,5-10 minutes,social,creative arts and expression,15.54
Light & Sound Blocks #85,Sensory,3-6 years,15-30 minutes,independent,creative arts and expression,33.01
Scented Play Dough #86,Sensory,3-6 years,5-10 minutes,social,fantasy and adventure,28.82
Light & Sound Blocks #87,Sensory,6-9 years,15-30 minutes,social,fantasy and adventure,5.33
Scented Play Dough #88,Sensory,9-12 years,30+ minutes,social,animals and nature,81.02
Kinetic Sand Set #89,Sensory,0-3 years,5-10 minutes,social,fantasy and adventure,42.23
Textured Ball Set #90,Sensory,0-3 years,5-10 minutes,independent,animals and nature,90.75
Sound Matching Set #91,Sensory,3-6 years,5-10 minutes,independent,creative arts and expression,62.94
Tactile Puzzle #92,Sensory,0-3 years,15-30 minutes,social,fantasy and adventure,39.69
Kinetic Sand Set #93,Sensory,0-3 years,5-10 minutes,independent,fantasy and adventure,17.42
Stacking Sensory Cups #94,Sensory,0-3 years,5-10 minutes,independent,animals and nature,19.51
Tactile Puzzle #95,Sensory,3-6 years,15-30 minutes,independent,fantasy and adventure,66.01
Stacking Sensory Cups #96,Sensory,3-6 years,15-30 minutes,social,animals and nature,103.07
Soft Squishy Blocks #97,Sensory,3-6 years,5-10 minutes,independent,animals and nature,52.59
Stacking Sensory Cups #98,Sensory,0-3 years,15-30 minutes,independent,creative arts and expression,81.49
Sensory Ribbon Wand #99,Sensory,9-12 years,30+ minutes,independent,animals and nature,100.65
Sensory Bin Starter #100,Sensory,3-6 years,15-30 minutes,independent,animals and nature,68.98
Tea Party Set #1,Imaginative Play,9-12 years,30+ minutes,social,creative arts and expression,45.66
Play Tent & Fort #2,Imaginative Play,6-9 years,30+ minutes,social,fantasy and adventure,40.93
Doctor Role Kit #3,Imaginative Play,3-6 years,5-10 minutes,social,animals and nature,102.44
Fairy Garden Kit #4,Imaginative Play,6-9 years,15-30 minutes,social,fantasy and adventure,31.01
Play Tent & Fort #5,Imaginative Play,6-9 years,30+ minutes,social,fantasy and adventure,82.62
Action Hero Headquarters #6,Imaginative Play,0-3 years,15-30 minutes,social,creative arts and expression,8.33
Toy Garage & Cars #7,Imaginative Play,6-9 years,15-30 minutes,independent,animals and nature,25.86
Castle Adventure Set #8,Imaginative Play,3-6 years,15-30 minutes,independent,fantasy and adventure,116.76
Play Kitchen Mini #9,Imaginative Play,6-9 years,15-30 minutes,social,creative arts and expression,23.1
Knight & Dragon Set #10,Imaginative Play,6-9 years,30+ minutes,social,animals and nature,106.58
Castle Adventure Set #11,Imaginative Play,3-6 years,15-30 minutes,social,creative arts and expression,55.96
Play Tent & Fort #12,Imaginative Play,3-6 years,15-30 minutes,independent,fantasy and adventure,18.09
Play Tent & Fort #13,Imaginative Play,0-3 years,5-10 minutes,social,fantasy and adventure,81.72
Pirate Ship Playset #14,Imaginative Play,3-6 years,30+ minutes,independent,animals and nature,39.66
Dress-up Costume Pack #15,Imaginative Play,6-9 years,30+ minutes,independent,animals and nature,5.89
Play Tent & Fort #16,Imaginative Play,3-6 years,5-10 minutes,social,fantasy and adventure,69.25
Fairy Garden Kit #17,Imaginative Play,0-3 years,15-30 minutes,independent,animals and nature,57.87
Play Kitchen Mini #18,Imaginative Play,6-9 years,15-30 minutes,social,fantasy and adventure,78.62
Knight & Dragon Set #19,Imaginative Play,0-3 years,5-10 minutes,independent,fantasy and adventure,57.91
Fairy Garden Kit #20,Imaginative Play,0-3 years,15-30 minutes,independent,fantasy and adventure,51.05
Play Kitchen Mini #21,Imaginative Play,3-6 years,5-10 minutes,independent,creative arts and expression,94.6
Play Kitchen Mini #22,Imaginative Play,3-6 years,5-10 minutes,social,creative arts and expression,45.38
Castle Adventure Set #23,Imaginative Play,3-6 years,5-10 minutes,independent,fantasy and adventure,22.58
Play Kitchen Mini #24,Imaginative Play,3-6 years,15-30 minutes,social,fantasy and adventure,92.39
Camping Pretend Play #25,Imaginative Play,6-9 years,30+ minutes,social,fantasy and adventure,42.17
Space Adventure Playset #26,Imaginative Play,3-6 years,5-10 minutes,social,creative arts and expression,96.58
Tea Party Set #27,Imaginative Play,0-3 years,5-10 minutes,independent,creative arts and expression,9.32
Fairy Garden Kit #28,Imaginative Play,6-9 years,5-10 minutes,social,animals and nature,75.73
Princess Carriage #29,Imaginative Play,3-6 years,15-30 minutes,social,fantasy and adventure,108.03
Camping Pretend Play #30,Imaginative Play,9-12 years,30+ minutes,independent,fantasy and adventure,59.7
Castle Adventure Set #31,Imaginative Play,9-12 years,30+ minutes,social,creative arts and expression,117.97
Play Kitchen Mini #32,Imaginative Play,3-6 years,5-10 minutes,independent,creative arts and expression,118.96
Princess Carriage #33,Imaginative Play,3-6 years,5-10 minutes,independent,creative arts and expression,49.55
Space Adventure Playset #34,Imaginative Play,6-9 years,5-10 minutes,social,creative arts and expression,12.58
Doctor Role Kit #35,Imaginative Play,3-6 years,5-10 minutes,independent,fantasy and adventure,115.91
Pet Vet Clinic #36,Imaginative Play,6-9 years,15-30 minutes,social,animals and nature,110.43
Knight & Dragon Set #37,Imaginative Play,9-12 years,30+ minutes,independent,fantasy and adventure,86.52
Play Kitchen Mini #38,Imaginative Play,3-6 years,5-10 minutes,social,animals and nature,82.06
Princess Carriage #39,Imaginative Play,0-3 years,5-10 minutes,social,animals and nature,46.7
Animal Farm Playset #40,Imaginative Play,9-12 years,30+ minutes,social,animals and nature,31.05
Castle Adventure Set #41,Imaginative Play,3-6 years,5-10 minutes,social,fantasy and adventure,93.65
Princess Carriage #42,Imaginative Play,0-3 years,5-10 minutes,social,animals and nature,73.68
Castle Adventure Set #43,Imaginative Play,3-6 years,15-30 minutes,social,animals and nature,87.94
Pirate Ship Playset #44,Imaginative Play,3-6 years,15-30 minutes,independent,creative arts and expression,75.22
Camping Pretend Play #45,Imaginative Play,3-6 years,5-10 minutes,social,creative arts and expression,108.96
Dress-up Costume Pack #46,Imaginative Play,3-6 years,30+ minutes,social,creative arts and expression,93.49
Toy Cash Register #47,Imaginative Play,3-6 years,15-30 minutes,independent,animals and nature,97.14
Castle Adventure Set #48,Imaginative Play,6-9 years,5-10 minutes,social,creative arts and expression,68.77
Doctor Role Kit #49,Imaginative Play,6-9 years,15-30 minutes,independent,animals and nature,92.76
Toy Garage & Cars #50,Imaginative Play,3-6 years,15-30 minutes,social,animals and nature,113.84
Puppet Theater #51,Imaginative Play,6-9 years,30+ minutes,social,creative arts and expression,11.12
Princess Carriage #52,Imaginative Play,3-6 years,5-10 minutes,independent,animals and nature,8.24
Doctor Role Kit #53,Imaginative Play,6-9 years,30+ minutes,social,animals and nature,9.4
Tool Bench Kit #54,Imaginative Play,6-9 years,15-30 minutes,social,creative arts and expression,75.77
Play Kitchen Mini #55,Imaginative Play,0-3 years,5-10 minutes,independent,fantasy and adventure,75.02
Play Tent & Fort #56,Imaginative Play,0-3 years,5-10 minutes,independent,animals and nature,32.42
Pet Vet Clinic #57,Imaginative Play,3-6 years,5-10 minutes,social,fantasy and adventure,66.65
Princess Carriage #58,Imaginative Play,3-6 years,15-30 minutes,independent,animals and nature,75.7
Puppet Theater #59,Imaginative Play,3-6 years,5-10 minutes,social,fantasy and adventure,117.09
Play Kitchen Mini #60,Imaginative Play,9-12 years,30+ minutes,social,fantasy and adventure,68.73
Toy Cash Register #61,Imaginative Play,6-9 years,5-10 minutes,independent,creative arts and expression,34.17
Dollhouse Starter #62,Imaginative Play,3-6 years,5-10 minutes,independent,fantasy and adventure,77.25
Tea Party Set #63,Imaginative Play,6-9 years,15-30 minutes,independent,fantasy and adventure,43.93
Animal Farm Playset #64,Imaginative Play,6-9 years,30+ minutes,social,creative arts and expression,77.65
Castle Adventure Set #65,Imaginative Play,0-3 years,15-30 minutes,social,creative arts and expression,28.18
Dress-up Costume Pack #66,Imaginative Play,6-9 years,15-30 minutes,independent,creative arts and expression,118.75
Action Hero Headquarters #67,Imaginative Play,3-6 years,5-10 minutes,social,creative arts and expression,46.05
Pirate Ship Playset #68,Imaginative Play,6-9 years,15-30 minutes,independent,creative arts and expression,55.25
Toy Cash Register #69,Imaginative Play,6-9 years,30+ minutes,independent,animals and nature,62.06
Tool Bench Kit #70,Imaginative Play,3-6 years,15-30 minutes,independent,animals and nature,88.61
Play Kitchen Mini #71,Imaginative Play,3-6 years,30+ minutes,independent,creative arts and expression,41.94
Play Kitchen Mini #72,Imaginative Play,3-6 years,5-10 minutes,social,fantasy and adventure,54
Camping Pretend Play #73,Imaginative Play,3-6 years,5-10 minutes,social,creative arts and expression,75.71
Play Tent & Fort #74,Imaginative Play,3-6 years,30+ minutes,social,animals and nature,82.19
Toy Cash Register #75,Imaginative Play,3-6 years,15-30 minutes,social,animals and nature,21.42
Pet Vet Clinic #76,Imaginative Play,6-9 years,15-30 minutes,independent,animals and nature,94.53
Fairy Garden Kit #77,Imaginative Play,3-6 years,30+ minutes,independent,animals and nature,83.09
Fairy Garden Kit #78,Imaginative Play,3-6 years,15-30 minutes,social,fantasy and adventure,47.2
Space Adventure Playset #79,Imaginative Play,6-9 years,15-30 minutes,independent,fantasy and adventure,26.4
Princess Carriage #80,Imaginative Play,3-6 years,15-30 minutes,independent,creative arts and expression,85.96
Dress-up Costume Pack #81,Imaginative Play,9-12 years,15-30 minutes,social,creative arts and expression,28.02
Castle Adventure Set #82,Imaginative Play,6-9 years,15-30 minutes,social,creative arts and expression,119.69
Space Adventure Playset #83,Imaginative Play,6-9 years,30+ minutes,social,creative arts and expression,107.5
Animal Farm Playset #84,Imaginative Play,6-9 years,30+ minutes,social,creative arts and expression,63.51
Doctor Role Kit #85,Imaginative Play,9-12 years,30+ minutes,independent,creative arts and expression,8.02
Action Hero Headquarters #86,Imaginative Play,3-6 years,15-30 minutes,social,animals and nature,75.37
Play Kitchen Mini #87,Imaginative Play,0-3 years,5-10 minutes,social,creative arts and expression,65.46
Play Tent & Fort #88,Imaginative Play,6-9 years,5-10 minutes,social,fantasy and adventure,13.53
Camping Pretend Play #89,Imaginative Play,6-9 years,15-30 minutes,social,fantasy and adventure,78.58
Animal Farm Playset #90,Imaginative Play,6-9 years,15-30 minutes,social,animals and nature,100.61
Princess Carriage #91,Imaginative Play,3-6 years,5-10 minutes,independent,fantasy and adventure,30.93
Princess Carriage #92,Imaginative Play,6-9 years,30+ minutes,independent,fantasy and adventure,114.98
Toy Garage & Cars #93,Imaginative Play,0-3 years,5-10 minutes,social,fantasy and adventure,78.71
Tea Party Set #94,Imaginative Play,9-12 years,15-30 minutes,social,fantasy and adventure,108.73
Space Adventure Playset #95,Imaginative Play,6-9 years,15-30 minutes,social,animals and nature,14.34
Tea Party Set #96,Imaginative Play,3-6 years,5-10 minutes,social,fantasy and adventure,78.48
Tool Bench Kit #97,Imaginative Play,6-9 years,15-30 minutes,social,creative arts and expression,60.54
Toy Cash Register #98,Imaginative Play,3-6 years,5-10 minutes,independent,creative arts and expression,52.8
Camping Pretend Play #99,Imaginative Play,3-6 years,15-30 minutes,independent,fantasy and adventure,41.72
Fairy Garden Kit #100,Imaginative Play,9-12 years,15-30 minutes,independent,fantasy and adventure,17.21
Obstacle Course Kit #1,Motor Skills,3-6 years,5-10 minutes,independent,animals and nature,10.82
Buttoning Practice Doll #2,Motor Skills,6-9 years,15-30 minutes,social,animals and nature,98.55
Motor Skills Puzzle #3,Motor Skills,6-9 years,15-30 minutes,independent,fantasy and adventure,58.68
Foam Pogo Jumper #4,Motor Skills,3-6 years,5-10 minutes,independent,creative arts and expression,116.17
Fine Motor Bead Set #5,Motor Skills,3-6 years,5-10 minutes,independent,fantasy and adventure,106.47
Jump Rope #6,Motor Skills,0-3 years,5-10 minutes,independent,animals and nature,106.48
Rolling Push Walker #7,Motor Skills,6-9 years,15-30 minutes,independent,fantasy and adventure,69.61
Rolling Push Walker #8,Motor Skills,3-6 years,5-10 minutes,social,fantasy and adventure,37.17
Wooden Hammer Bench #9,Motor Skills,3-6 years,5-10 minutes,social,creative arts and expression,47.92
Hopscotch Mat #10,Motor Skills,3-6 years,5-10 minutes,independent,fantasy and adventure,63.55
Coordination Ball Set #11,Motor Skills,0-3 years,5-10 minutes,social,creative arts and expression,64.72
Lacing Beads Set #12,Motor Skills,3-6 years,15-30 minutes,independent,fantasy and adventure,41.63
Buttoning Practice Doll #13,Motor Skills,9-12 years,30+ minutes,independent,creative arts and expression,63.34
Coordination Ball Set #14,Motor Skills,3-6 years,15-30 minutes,independent,animals and nature,47.36
Climbing Soft Blocks #15,Motor Skills,9-12 years,30+ minutes,social,fantasy and adventure,105.29
Stacking Rings #16,Motor Skills,3-6 years,5-10 minutes,social,fantasy and adventure,71.43
Shape Sorter Classic #17,Motor Skills,3-6 years,5-10 minutes,social,fantasy and adventure,94.08
Buttoning Practice Doll #18,Motor Skills,0-3 years,5-10 minutes,independent,fantasy and adventure,17.64
Stacking Rings #19,Motor Skills,3-6 years,15-30 minutes,independent,animals and nature,52.19
Wooden Hammer Bench #20,Motor Skills,9-12 years,30+ minutes,social,animals and nature,86.16
Coordination Ball Set #21,Motor Skills,0-3 years,5-10 minutes,social,fantasy and adventure,48.33
Catch & Throw Set #22,Motor Skills,3-6 years,15-30 minutes,social,fantasy and adventure,93.78
Scooter for Kids #23,Motor Skills,3-6 years,5-10 minutes,independent,fantasy and adventure,39.33
Foam Pogo Jumper #24,Motor Skills,6-9 years,30+ minutes,social,creative arts and expression,41.46
Rolling Push Walker #25,Motor Skills,3-6 years,30+ minutes,social,creative arts and expression,19.02
Foot-Eye Coordination Game #26,Motor Skills,3-6 years,30+ minutes,social,animals and nature,38.4
Foam Pogo Jumper #27,Motor Skills,9-12 years,15-30 minutes,social,fantasy and adventure,34.49
Jump Rope #28,Motor Skills,0-3 years,15-30 minutes,independent,fantasy and adventure,85.06
Lacing Beads Set #29,Motor Skills,0-3 years,15-30 minutes,independent,animals and nature,82.03
Coordination Ball Set #30,Motor Skills,0-3 years,5-10 minutes,independent,creative arts and expression,87.5
Climbing Soft Blocks #31,Motor Skills,3-6 years,5-10 minutes,social,animals and nature,51.79
Jump Rope #32,Motor Skills,3-6 years,5-10 minutes,social,creative arts and expression,37.82
Shape Sorter Classic #33,Motor Skills,9-12 years,15-30 minutes,social,fantasy and adventure,89.95
Shape Sorter Classic #34,Motor Skills,9-12 years,15-30 minutes,social,animals and nature,112.4
Shape Sorter Classic #35,Motor Skills,9-12 years,30+ minutes,independent,fantasy and adventure,115.65
Foam Pogo Jumper #36,Motor Skills,6-9 years,5-10 minutes,social,animals and nature,111.77
Hopscotch Mat #37,Motor Skills,0-3 years,30+ minutes,social,creative arts and expression,107.26
Lacing Beads Set #38,Motor Skills,6-9 years,15-30 minutes,independent,animals and nature,43.03
Finger Painting Easel #39,Motor Skills,3-6 years,15-30 minutes,independent,creative arts and expression,95.94
Motor Skills Puzzle #40,Motor Skills,3-6 years,5-10 minutes,social,fantasy and adventure,108.16
Toddler Gym Set #41,Motor Skills,3-6 years,5-10 minutes,social,animals and nature,117.89
Jump Rope #42,Motor Skills,3-6 years,5-10 minutes,independent,animals and nature,56.37
Scooter for Kids #43,Motor Skills,9-12 years,30+ minutes,social,animals and nature,35.08
Rolling Push Walker #44,Motor Skills,3-6 years,5-10 minutes,independent,creative arts and expression,23.37
Coordination Ball Set #45,Motor Skills,9-12 years,30+ minutes,social,fantasy and adventure,18.5
Foam Pogo Jumper #46,Motor Skills,3-6 years,5-10 minutes,social,creative arts and expression,22.62
Wooden Hammer Bench #47,Motor Skills,3-6 years,15-30 minutes,social,fantasy and adventure,97.23
Fine Motor Bead Set #48,Motor Skills,6-9 years,30+ minutes,social,animals and nature,65.43
Coordination Ball Set #49,Motor Skills,6-9 years,5-10 minutes,social,animals and nature,100.31
Coordination Ball Set #50,Motor Skills,0-3 years,5-10 minutes,independent,fantasy and adventure,55.81
Fine Motor Bead Set #51,Motor Skills,6-9 years,15-30 minutes,social,creative arts and expression,98
Finger Painting Easel #52,Motor Skills,0-3 years,5-10 minutes,social,fantasy and adventure,58.17
Foam Pogo Jumper #53,Motor Skills,6-9 years,15-30 minutes,social,fantasy and adventure,30.06
Balance Bike #54,Motor Skills,0-3 years,5-10 minutes,independent,animals and nature,112.48
Balance Bike #55,Motor Skills,9-12 years,30+ minutes,independent,animals and nature,93.43
Toddler Gym Set #56,Motor Skills,3-6 years,30+ minutes,independent,creative arts and expression,48.2
Foot-Eye Coordination Game #57,Motor Skills,0-3 years,15-30 minutes,independent,fantasy and adventure,50.2
Lacing Beads Set #58,Motor Skills,6-9 years,15-30 minutes,independent,animals and nature,117.53
Finger Painting Easel #59,Motor Skills,3-6 years,15-30 minutes,social,animals and nature,33.46
Rolling Push Walker #60,Motor Skills,0-3 years,5-10 minutes,social,animals and nature,8.7
Toddler Gym Set #61,Motor Skills,3-6 years,30+ minutes,social,animals and nature,28.7
Climbing Soft Blocks #62,Motor Skills,3-6 years,15-30 minutes,social,animals and nature,33.14
Shape Sorter Classic #63,Motor Skills,3-6 years,5-10 minutes,independent,animals and nature,21.12
Foam Pogo Jumper #64,Motor Skills,0-3 years,15-30 minutes,social,fantasy and adventure,73.76
Hopscotch Mat #65,Motor Skills,0-3 years,15-30 minutes,social,fantasy and adventure,30.42
Foam Pogo Jumper #66,Motor Skills,0-3 years,5-10 minutes,social,fantasy and adventure,109.83
Toddler Gym Set #67,Motor Skills,3-6 years,5-10 minutes,independent,fantasy and adventure,82.2
Coordination Ball Set #68,Motor Skills,3-6 years,15-30 minutes,independent,creative arts and expression,26.15
Foot-Eye Coordination Game #69,Motor Skills,3-6 years,15-30 minutes,independent,fantasy and adventure,21.6
Finger Painting Easel #70,Motor Skills,9-12 years,30+ minutes,social,fantasy and adventure,65.95
Buttoning Practice Doll #71,Motor Skills,0-3 years,5-10 minutes,social,creative arts and expression,102.42
Balance Bike #72,Motor Skills,3-6 years,15-30 minutes,independent,creative arts and expression,82.47
Wooden Hammer Bench #73,Motor Skills,0-3 years,5-10 minutes,social,fantasy and adventure,88.3
Foot-Eye Coordination Game #74,Motor Skills,0-3 years,5-10 minutes,social,creative arts and expression,115.06
Stacking Rings #75,Motor Skills,0-3 years,5-10 minutes,social,fantasy and adventure,119.95
Jump Rope #76,Motor Skills,9-12 years,30+ minutes,social,creative arts and expression,110.24
Foot-Eye Coordination Game #77,Motor Skills,3-6 years,5-10 minutes,independent,fantasy and adventure,46.31
Scooter for Kids #78,Motor Skills,3-6 years,30+ minutes,independent,fantasy and adventure,58.99
Hopscotch Mat #79,Motor Skills,9-12 years,30+ minutes,independent,fantasy and adventure,104.37
Lacing Beads Set #80,Motor Skills,0-3 years,5-10 minutes,social,fantasy and adventure,53.02
Lacing Beads Set #81,Motor Skills,0-3 years,5-10 minutes,social,animals and nature,62.42
Hopscotch Mat #82,Motor Skills,0-3 years,15-30 minutes,social,fantasy and adventure,90.05
Finger Painting Easel #83,Motor Skills,0-3 years,15-30 minutes,independent,fantasy and adventure,67.85
Catch & Throw Set #84,Motor Skills,9-12 years,30+ minutes,social,animals and nature,65.25
Balance Bike #85,Motor Skills,9-12 years,30+ minutes,social,creative arts and expression,20.81
Obstacle Course Kit #86,Motor Skills,0-3 years,5-10 minutes,independent,creative arts and expression,47.92
Wooden Hammer Bench #87,Motor Skills,3-6 years,30+ minutes,social,fantasy and adventure,61.1
Stacking Rings #88,Motor Skills,3-6 years,15-30 minutes,independent,fantasy and adventure,36.6
Foam Pogo Jumper #89,Motor Skills,0-3 years,15-30 minutes,social,animals and nature,17.31
Climbing Soft Blocks #90,Motor Skills,3-6 years,5-10 minutes,social,creative arts and expression,98.75
Scooter for Kids #91,Motor Skills,6-9 years,5-10 minutes,social,creative arts and expression,69.98
Obstacle Course Kit #92,Motor Skills,0-3 years,15-30 minutes,independent,fantasy and adventure,92.35
Balance Bike #93,Motor Skills,3-6 years,5-10 minutes,independent,fantasy and adventure,6.09
Catch & Throw Set #94,Motor Skills,0-3 years,15-30 minutes,social,creative arts and expression,70.07
Climbing Soft Blocks #95,Motor Skills,6-9 years,30+ minutes,independent,fantasy and adventure,107.07
Jump Rope #96,Motor Skills,0-3 years,15-30 minutes,social,creative arts and expression,108.42
Motor Skills Puzzle #97,Motor Skills,3-6 years,5-10 minutes,social,animals and nature,115.57
Motor Skills Puzzle #98,Motor Skills,0-3 years,15-30 minutes,social,animals and nature,39.42
Motor Skills Puzzle #99,Motor Skills,0-3 years,15-30 minutes,independent,fantasy and adventure,43.15
Lacing Beads Set #100,Motor Skills,6-9 years,30+ minutes,independent,fantasy and adventure,117.05
Remote Helicopter #1,Electronic/Tech,3-6 years,5-10 minutes,independent,fantasy and adventure,93.44
Electric Train Set #2,Electronic/Tech,6-9 years,30+ minutes,independent,creative arts and expression,95.11
Robotic Arm Kit #3,Electronic/Tech,6-9 years,15-30 minutes,social,creative arts and expression,26.36
Talking Map #4,Electronic/Tech,6-9 years,5-10 minutes,social,animals and nature,87.01
Interactive Robot Dog #5,Electronic/Tech,6-9 years,15-30 minutes,social,animals and nature,90.06
Light-Up Race Track #6,Electronic/Tech,6-9 years,5-10 minutes,social,creative arts and expression,46.39
Voice Recorder Toy #7,Electronic/Tech,3-6 years,5-10 minutes,independent,fantasy and adventure,68.8
AR Learning Cards #8,Electronic/Tech,3-6 years,5-10 minutes,social,fantasy and adventure,73.78
Light-Up Race Track #9,Electronic/Tech,9-12 years,5-10 minutes,independent,animals and nature,88.36
Laser Maze Game #10,Electronic/Tech,9-12 years,30+ minutes,social,animals and nature,83.81
Smart Watch for Kids #11,Electronic/Tech,3-6 years,5-10 minutes,social,animals and nature,24.23
Voice Recorder Toy #12,Electronic/Tech,6-9 years,15-30 minutes,independent,creative arts and expression,113.59
Bluetooth Karaoke Mic #13,Electronic/Tech,6-9 years,15-30 minutes,independent,creative arts and expression,5.78
Motion Sensor Game #14,Electronic/Tech,6-9 years,30+ minutes,social,creative arts and expression,55.63
AR Learning Cards #15,Electronic/Tech,9-12 years,30+ minutes,social,animals and nature,39.55
Electric Train Set #16,Electronic/Tech,9-12 years,15-30 minutes,independent,creative arts and expression,116.4
Programmable Robot #17,Electronic/Tech,9-12 years,30+ minutes,social,animals and nature,42.48
Voice Recorder Toy #18,Electronic/Tech,9-12 years,30+ minutes,independent,fantasy and adventure,27.98
Laser Maze Game #19,Electronic/Tech,3-6 years,15-30 minutes,independent,fantasy and adventure,58.09
Drone for Beginners #20,Electronic/Tech,6-9 years,15-30 minutes,social,creative arts and expression,82.39
Glow Keyboard Toy #21,Electronic/Tech,6-9 years,15-30 minutes,social,fantasy and adventure,53.66
Motion Sensor Game #22,Electronic/Tech,3-6 years,30+ minutes,social,creative arts and expression,66.45
AR Learning Cards #23,Electronic/Tech,6-9 years,30+ minutes,independent,fantasy and adventure,73.29
Interactive Robot Dog #24,Electronic/Tech,3-6 years,5-10 minutes,social,animals and nature,79.4
Remote Helicopter #25,Electronic/Tech,6-9 years,30+ minutes,social,creative arts and expression,116.06
AR Learning Cards #26,Electronic/Tech,3-6 years,5-10 minutes,independent,fantasy and adventure,64.66
Talking Map #27,Electronic/Tech,6-9 years,15-30 minutes,independent,creative arts and expression,93.82
Talking Map #28,Electronic/Tech,6-9 years,15-30 minutes,social,creative arts and expression,17.02
AR Learning Cards #29,Electronic/Tech,9-12 years,15-30 minutes,social,fantasy and adventure,21.29
Programmable Robot #30,Electronic/Tech,6-9 years,30+ minutes,social,creative arts and expression,59.76
Robotic Arm Kit #31,Electronic/Tech,9-12 years,30+ minutes,independent,animals and nature,98.17
Learning Tablet #32,Electronic/Tech,0-3 years,5-10 minutes,independent,animals and nature,111.94
Electronic Piano #33,Electronic/Tech,6-9 years,15-30 minutes,independent,creative arts and expression,115.22
Electronic Piano #34,Electronic/Tech,9-12 years,30+ minutes,independent,fantasy and adventure,54.7
RC Car Basic #35,Electronic/Tech,9-12 years,30+ minutes,independent,creative arts and expression,49.72
Drone for Beginners #36,Electronic/Tech,3-6 years,15-30 minutes,social,animals and nature,71.4
Laser Maze Game #37,Electronic/Tech,3-6 years,5-10 minutes,social,creative arts and expression,82.13
Bluetooth Karaoke Mic #38,Electronic/Tech,6-9 years,30+ minutes,social,fantasy and adventure,50.14
Learning Tablet #39,Electronic/Tech,6-9 years,30+ minutes,social,fantasy and adventure,86.19
Programmable Robot #40,Electronic/Tech,9-12 years,30+ minutes,social,creative arts and expression,18.55
Programmable Robot #41,Electronic/Tech,3-6 years,5-10 minutes,independent,creative arts and expression,53.1
Glow Keyboard Toy #42,Electronic/Tech,6-9 years,15-30 minutes,social,fantasy and adventure,84.74
Smart Watch for Kids #43,Electronic/Tech,6-9 years,15-30 minutes,independent,creative arts and expression,101.83
Electric Train Set #44,Electronic/Tech,3-6 years,5-10 minutes,independent,animals and nature,27.44
Motion Sensor Game #45,Electronic/Tech,9-12 years,30+ minutes,social,fantasy and adventure,61.55
Robotic Arm Kit #46,Electronic/Tech,6-9 years,5-10 minutes,independent,animals and nature,38.59
Voice Recorder Toy #47,Electronic/Tech,3-6 years,5-10 minutes,social,fantasy and adventure,90.39
Bluetooth Karaoke Mic #48,Electronic/Tech,6-9 years,15-30 minutes,independent,fantasy and adventure,99.68
Interactive Globe #49,Electronic/Tech,6-9 years,30+ minutes,social,creative arts and expression,67.83
AR Learning Cards #50,Electronic/Tech,3-6 years,15-30 minutes,social,creative arts and expression,105.6
Remote Helicopter #51,Electronic/Tech,6-9 years,15-30 minutes,social,creative arts and expression,104.51
Learning Tablet #52,Electronic/Tech,9-12 years,15-30 minutes,social,fantasy and adventure,84.25
Electric Train Set #53,Electronic/Tech,6-9 years,15-30 minutes,independent,animals and nature,98.56
Remote Helicopter #54,Electronic/Tech,6-9 years,15-30 minutes,social,animals and nature,42.22
Programmable Robot #55,Electronic/Tech,6-9 years,15-30 minutes,social,fantasy and adventure,98.75
Glow Keyboard Toy #56,Electronic/Tech,9-12 years,30+ minutes,social,creative arts and expression,104.71
Glow Keyboard Toy #57,Electronic/Tech,9-12 years,15-30 minutes,independent,creative arts and expression,100.28
Motion Sensor Game #58,Electronic/Tech,6-9 years,15-30 minutes,independent,creative arts and expression,48.14
Interactive Robot Dog #59,Electronic/Tech,6-9 years,30+ minutes,independent,fantasy and adventure,91.23
Interactive Globe #60,Electronic/Tech,6-9 years,15-30 minutes,social,fantasy and adventure,15.71
Robotic Arm Kit #61,Electronic/Tech,6-9 years,30+ minutes,social,fantasy and adventure,50.74
AR Learning Cards #62,Electronic/Tech,9-12 years,30+ minutes,independent,creative arts and expression,43.84
Talking Map #63,Electronic/Tech,3-6 years,30+ minutes,social,fantasy and adventure,92.66
Remote Helicopter #64,Electronic/Tech,3-6 years,15-30 minutes,social,animals and nature,111.88
Smart Watch for Kids #65,Electronic/Tech,6-9 years,5-10 minutes,social,animals and nature,119.5
Glow Keyboard Toy #66,Electronic/Tech,9-12 years,30+ minutes,social,creative arts and expression,15.73
Interactive Globe #67,Electronic/Tech,6-9 years,15-30 minutes,social,animals and nature,10.96
Programmable Robot #68,Electronic/Tech,9-12 years,30+ minutes,independent,animals and nature,85.93
RC Car Basic #69,Electronic/Tech,3-6 years,5-10 minutes,social,fantasy and adventure,83.2
RC Car Basic #70,Electronic/Tech,0-3 years,5-10 minutes,independent,creative arts and expression,84.81
Bluetooth Karaoke Mic #71,Electronic/Tech,3-6 years,5-10 minutes,social,animals and nature,16.87
Interactive Globe #72,Electronic/Tech,9-12 years,15-30 minutes,social,animals and nature,78.78
Glow Keyboard Toy #73,Electronic/Tech,3-6 years,15-30 minutes,social,animals and nature,55.61
Drone for Beginners #74,Electronic/Tech,6-9 years,15-30 minutes,independent,fantasy and adventure,55.87
Drone for Beginners #75,Electronic/Tech,3-6 years,5-10 minutes,social,fantasy and adventure,88.95
Interactive Globe #76,Electronic/Tech,9-12 years,30+ minutes,independent,creative arts and expression,79.13
Electronic Piano #77,Electronic/Tech,6-9 years,30+ minutes,social,fantasy and adventure,8.08
Programmable Robot #78,Electronic/Tech,3-6 years,15-30 minutes,independent,creative arts and expression,38.99
Remote Helicopter #79,Electronic/Tech,9-12 years,30+ minutes,independent,creative arts and expression,17.97
Bluetooth Karaoke Mic #80,Electronic/Tech,6-9 years,5-10 minutes,social,animals and nature,118.49
Light-Up Race Track #81,Electronic/Tech,3-6 years,30+ minutes,social,creative arts and expression,67.83
Smart Watch for Kids #82,Electronic/Tech,9-12 years,30+ minutes,social,animals and nature,72.55
RC Car Basic #83,Electronic/Tech,6-9 years,5-10 minutes,independent,creative arts and expression,63.26
Smart Puzzle Mat #84,Electronic/Tech,9-12 years,30+ minutes,independent,fantasy and adventure,66.7
Electric Train Set #85,Electronic/Tech,3-6 years,5-10 minutes,independent,animals and nature,117.05
Glow Keyboard Toy #86,Electronic/Tech,6-9 years,15-30 minutes,social,fantasy and adventure,83.32
Interactive Robot Dog #87,Electronic/Tech,6-9 years,15-30 minutes,social,animals and nature,11.66
Interactive Robot Dog #88,Electronic/Tech,9-12 years,15-30 minutes,social,animals and nature,40.57
Smart Watch for Kids #89,Electronic/Tech,3-6 years,15-30 minutes,social,animals and nature,62.09
Interactive Globe #90,Electronic/Tech,6-9 years,30+ minutes,social,animals and nature,47.76
Voice Recorder Toy #91,Electronic/Tech,9-12 years,15-30 minutes,social,creative arts and expression,97.82
Voice Recorder Toy #92,Electronic/Tech,6-9 years,15-30 minutes,social,fantasy and adventure,13.86
Robotic Arm Kit #93,Electronic/Tech,6-9 years,5-10 minutes,social,animals and nature,47.28
Voice Recorder Toy #94,Electronic/Tech,9-12 years,30+ minutes,social,animals and nature,31.27
Smart Puzzle Mat #95,Electronic/Tech,0-3 years,15-30 minutes,independent,animals and nature,59.25
Motion Sensor Game #96,Electronic/Tech,9-12 years,15-30 minutes,social,animals and nature,68.58
AR Learning Cards #97,Electronic/Tech,3-6 years,5-10 minutes,social,creative arts and expression,36.19
Interactive Robot Dog #98,Electronic/Tech,6-9 years,15-30 minutes,social,animals and nature,25.62
Smart Puzzle Mat #99,Electronic/Tech,9-12 years,30+ minutes,independent,creative arts and expression,104.59
Programmable Robot #100,Electronic/Tech,6-9 years,15-30 minutes,independent,animals and nature,38.53
Problem Solving Cards #1,Educational/Cognitive,6-9 years,15-30 minutes,social,creative arts and expression,119.75
Counting Beads #2,Educational/Cognitive,6-9 years,15-30 minutes,social,animals and nature,5.73
Brain Teaser Pack #3,Educational/Cognitive,0-3 years,5-10 minutes,social,fantasy and adventure,105.88
STEM Logic Tiles #4,Educational/Cognitive,0-3 years,5-10 minutes,social,fantasy and adventure,40.36
Counting Beads #5,Educational/Cognitive,3-6 years,5-10 minutes,social,animals and nature,116.84
Shape Sorting Board #6,Educational/Cognitive,6-9 years,5-10 minutes,social,fantasy and adventure,52.5
Story Sequencing Set #7,Educational/Cognitive,3-6 years,15-30 minutes,social,fantasy and adventure,20.35
Color & Shape Bingo #8,Educational/Cognitive,0-3 years,5-10 minutes,social,animals and nature,32.23
Early Math Board #9,Educational/Cognitive,9-12 years,30+ minutes,social,fantasy and adventure,42.52
Tangram Starter #10,Educational/Cognitive,3-6 years,5-10 minutes,independent,fantasy and adventure,17.53
Memory Matching Game #11,Educational/Cognitive,0-3 years,5-10 minutes,social,fantasy and adventure,46.2
Counting Beads #12,Educational/Cognitive,3-6 years,15-30 minutes,social,animals and nature,23.13
Problem Solving Cards #13,Educational/Cognitive,6-9 years,30+ minutes,independent,creative arts and expression,22.06
Phonics Flashcards #14,Educational/Cognitive,9-12 years,30+ minutes,independent,creative arts and expression,34.92
Pattern Blocks #15,Educational/Cognitive,0-3 years,5-10 minutes,social,fantasy and adventure,68.26
Memory Matching Game #16,Educational/Cognitive,3-6 years,15-30 minutes,independent,animals and nature,12.09
Phonics Flashcards #17,Educational/Cognitive,0-3 years,15-30 minutes,social,fantasy and adventure,112.82
Logic Puzzle Set #18,Educational/Cognitive,6-9 years,15-30 minutes,social,animals and nature,119.67
Counting Beads #19,Educational/Cognitive,9-12 years,30+ minutes,independent,creative arts and expression,19.09
Tangram Starter #20,Educational/Cognitive,0-3 years,15-30 minutes,social,fantasy and adventure,50.42
Alphabet Puzzle #21,Educational/Cognitive,3-6 years,15-30 minutes,social,animals and nature,36.62
Tangram Starter #22,Educational/Cognitive,9-12 years,5-10 minutes,social,animals and nature,79.44
Magnetic Letters Set #23,Educational/Cognitive,3-6 years,15-30 minutes,independent,creative arts and expression,49.05
Brain Teaser Pack #24,Educational/Cognitive,0-3 years,15-30 minutes,social,fantasy and adventure,119.32
Time Teaching Clock #25,Educational/Cognitive,6-9 years,30+ minutes,social,creative arts and expression,60.16
Magnetic Letters Set #26,Educational/Cognitive,3-6 years,15-30 minutes,independent,creative arts and expression,25.68
STEM Logic Tiles #27,Educational/Cognitive,6-9 years,5-10 minutes,social,creative arts and expression,11.74
Magnetic Letters Set #28,Educational/Cognitive,3-6 years,15-30 minutes,social,animals and nature,16.52
Phonics Flashcards #29,Educational/Cognitive,3-6 years,15-30 minutes,social,animals and nature,92.87
Phonics Flashcards #30,Educational/Cognitive,6-9 years,30+ minutes,social,animals and nature,25.25
Vocabulary Builder Cards #31,Educational/Cognitive,3-6 years,15-30 minutes,social,fantasy and adventure,8.24
Story Sequencing Set #32,Educational/Cognitive,9-12 years,30+ minutes,social,animals and nature,101.22
Magnetic Letters Set #33,Educational/Cognitive,3-6 years,5-10 minutes,independent,animals and nature,31.75
Phonics Flashcards #34,Educational/Cognitive,0-3 years,5-10 minutes,independent,fantasy and adventure,28.17
Shape Sorting Board #35,Educational/Cognitive,3-6 years,5-10 minutes,social,creative arts and expression,11.85
Shape Sorting Board #36,Educational/Cognitive,6-9 years,30+ minutes,social,fantasy and adventure,103.98
Logic Puzzle Set #37,Educational/Cognitive,3-6 years,30+ minutes,social,animals and nature,43.7
STEM Logic Tiles #38,Educational/Cognitive,0-3 years,5-10 minutes,social,fantasy and adventure,115.48
STEM Logic Tiles #39,Educational/Cognitive,0-3 years,30+ minutes,social,fantasy and adventure,95.5
Phonics Flashcards #40,Educational/Cognitive,6-9 years,30+ minutes,social,fantasy and adventure,84.18
Shape Sorting Board #41,Educational/Cognitive,0-3 years,5-10 minutes,social,fantasy and adventure,50.03
Vocabulary Builder Cards #42,Educational/Cognitive,0-3 years,5-10 minutes,social,fantasy and adventure,30.4
Vocabulary Builder Cards #43,Educational/Cognitive,0-3 years,5-10 minutes,independent,animals and nature,32.37
STEM Logic Tiles #44,Educational/Cognitive,0-3 years,15-30 minutes,independent,fantasy and adventure,82.05
STEM Logic Tiles #45,Educational/Cognitive,3-6 years,5-10 minutes,independent,animals and nature,45.31
Memory Matching Game #46,Educational/Cognitive,6-9 years,5-10 minutes,social,creative arts and expression,116.45
Brain Teaser Pack #47,Educational/Cognitive,3-6 years,5-10 minutes,social,animals and nature,100.31
Vocabulary Builder Cards #48,Educational/Cognitive,6-9 years,30+ minutes,independent,animals and nature,96.91
Number Blocks #49,Educational/Cognitive,3-6 years,5-10 minutes,social,animals and nature,44.31
Color & Shape Bingo #50,Educational/Cognitive,0-3 years,5-10 minutes,social,animals and nature,43.86
Puzzle Box #51,Educational/Cognitive,9-12 years,30+ minutes,social,fantasy and adventure,23.97
Brain Teaser Pack #52,Educational/Cognitive,0-3 years,5-10 minutes,independent,animals and nature,52.07
Time Teaching Clock #53,Educational/Cognitive,6-9 years,30+ minutes,independent,creative arts and expression,39.2
Memory Matching Game #54,Educational/Cognitive,0-3 years,5-10 minutes,social,animals and nature,11.27
Alphabet Puzzle #55,Educational/Cognitive,3-6 years,5-10 minutes,social,fantasy and adventure,60.24
Memory Matching Game #56,Educational/Cognitive,0-3 years,5-10 minutes,independent,animals and nature,59.46
Memory Matching Game #57,Educational/Cognitive,3-6 years,5-10 minutes,social,fantasy and adventure,35.48
Time Teaching Clock #58,Educational/Cognitive,3-6 years,5-10 minutes,social,animals and nature,56.26
Early Math Board #59,Educational/Cognitive,3-6 years,5-10 minutes,social,fantasy and adventure,12.09
Memory Matching Game #60,Educational/Cognitive,0-3 years,5-10 minutes,social,fantasy and adventure,31.16
Number Blocks #61,Educational/Cognitive,6-9 years,30+ minutes,social,fantasy and adventure,84.01
Magnetic Letters Set #62,Educational/Cognitive,6-9 years,15-30 minutes,independent,creative arts and expression,108.82
Number Blocks #63,Educational/Cognitive,3-6 years,30+ minutes,social,fantasy and adventure,118.02
Shape Sorting Board #64,Educational/Cognitive,0-3 years,15-30 minutes,independent,animals and nature,116.8
Counting Beads #65,Educational/Cognitive,0-3 years,5-10 minutes,social,creative arts and expression,28.22
Shape Sorting Board #66,Educational/Cognitive,6-9 years,15-30 minutes,social,animals and nature,15.01
Time Teaching Clock #67,Educational/Cognitive,3-6 years,5-10 minutes,independent,creative arts and expression,110.47
Alphabet Puzzle #68,Educational/Cognitive,6-9 years,30+ minutes,social,creative arts and expression,17.94
Shape Sorting Board #69,Educational/Cognitive,0-3 years,5-10 minutes,social,animals and nature,111.37
Vocabulary Builder Cards #70,Educational/Cognitive,6-9 years,30+ minutes,social,creative arts and expression,105.96
Early Math Board #71,Educational/Cognitive,3-6 years,15-30 minutes,social,animals and nature,24.8
Color & Shape Bingo #72,Educational/Cognitive,0-3 years,5-10 minutes,social,animals and nature,50.52
STEM Logic Tiles #73,Educational/Cognitive,6-9 years,5-10 minutes,social,creative arts and expression,108.16
Alphabet Puzzle #74,Educational/Cognitive,3-6 years,15-30 minutes,independent,creative arts and expression,103.7
Memory Matching Game #75,Educational/Cognitive,9-12 years,15-30 minutes,independent,fantasy and adventure,55.96
STEM Logic Tiles #76,Educational/Cognitive,3-6 years,15-30 minutes,social,animals and nature,55.8
Brain Teaser Pack #77,Educational/Cognitive,6-9 years,30+ minutes,social,animals and nature,64.26
Pattern Blocks #78,Educational/Cognitive,0-3 years,15-30 minutes,social,fantasy and adventure,106.12
Alphabet Puzzle #79,Educational/Cognitive,0-3 years,15-30 minutes,independent,animals and nature,33.69
Tangram Starter #80,Educational/Cognitive,0-3 years,5-10 minutes,independent,creative arts and expression,99.7
Counting Train #81,Educational/Cognitive,3-6 years,30+ minutes,social,animals and nature,47.83
Puzzle Box #82,Educational/Cognitive,3-6 years,30+ minutes,social,fantasy and adventure,45.22
Pattern Blocks #83,Educational/Cognitive,6-9 years,15-30 minutes,social,animals and nature,37.78
Color & Shape Bingo #84,Educational/Cognitive,0-3 years,15-30 minutes,social,animals and nature,103.57
Phonics Flashcards #85,Educational/Cognitive,6-9 years,15-30 minutes,social,animals and nature,104.43
Alphabet Puzzle #86,Educational/Cognitive,3-6 years,5-10 minutes,independent,animals and nature,30.73
Puzzle Box #87,Educational/Cognitive,6-9 years,15-30 minutes,social,fantasy and adventure,36.67
Color & Shape Bingo #88,Educational/Cognitive,9-12 years,30+ minutes,independent,creative arts and expression,82.88
Puzzle Box #89,Educational/Cognitive,3-6 years,5-10 minutes,social,fantasy and adventure,116.15
Story Sequencing Set #90,Educational/Cognitive,6-9 years,15-30 minutes,independent,fantasy and adventure,17.43
Logic Puzzle Set #91,Educational/Cognitive,3-6 years,5-10 minutes,independent,creative arts and expression,35.03
Problem Solving Cards #92,Educational/Cognitive,0-3 years,5-10 minutes,independent,animals and nature,97.62
Puzzle Box #93,Educational/Cognitive,3-6 years,5-10 minutes,independent,animals and nature,80.37
Problem Solving Cards #94,Educational/Cognitive,3-6 years,15-30 minutes,social,animals and nature,72.05
Vocabulary Builder Cards #95,Educational/Cognitive,6-9 years,15-30 minutes,social,fantasy and adventure,66.48
Magnetic Letters Set #96,Educational/Cognitive,9-12 years,30+ minutes,social,animals and nature,101.67
Time Teaching Clock #97,Educational/Cognitive,0-3 years,5-10 minutes,independent,creative arts and expression,88.4
Time Teaching Clock #98,Educational/Cognitive,6-9 years,15-30 minutes,social,creative arts and expression,80.26
Phonics Flashcards #99,Educational/Cognitive,3-6 years,15-30 minutes,independent,creative arts and expression,47.74
Vocabulary Builder Cards #100,Educational/Cognitive,3-6 years,30+ minutes,social,fantasy and adventure,72.11
