name,age_min,age_max,category,price,tags
Solar Robot Kit 267,3,7,STEM,24.5,"educational, science, exploration"
Solar Robot Kit 416,2,11,STEM,49.68,"educational, science, exploration"
Rock Collection Set 180,6,8,STEM,35.02,"educational, science, exploration"
Rock Collection Set 68,1,9,STEM,43.56,"educational, science, exploration"
Solar Robot Kit 466,0,11,STEM,27.97,"educational, science, exploration"
Microscope Kit 191,10,12,STEM,19.21,"educational, science, exploration"
Rock Collection Set 177,0,12,STEM,14.27,"educational, science, exploration"
Solar Robot Kit 441,10,12,STEM,5.26,"educational, science, exploration"
Microscope Kit 494,5,10,STEM,82.38,"educational, science, exploration"
Circuit Board Kit 248,9,11,STEM,54.05,"educational, science, exploration"
Bug Catching Kit 164,1,12,STEM,12.77,"educational, science, exploration"
Circuit Board Kit 466,10,11,STEM,65.71,"educational, science, exploration"
Solar Robot Kit 195,0,6,STEM,90.17,"educational, science, exploration"
Bug Catching Kit 198,4,10,STEM,95,"educational, science, exploration"
Rock Collection Set 342,1,9,STEM,60.17,"educational, science, exploration"
Solar Robot Kit 81,5,7,STEM,71.61,"educational, science, exploration"
Bug Catching Kit 427,9,10,STEM,95.98,"educational, science, exploration"
Microscope Kit 498,8,10,STEM,35.68,"educational, science, exploration"
Circuit Board Kit 396,3,4,STEM,50.78,"educational, science, exploration"
Circuit Board Kit 3,0,4,STEM,22.28,"educational, science, exploration"
Microscope Kit 188,10,12,STEM,94.68,"educational, science, exploration"
Microscope Kit 27,5,8,STEM,42.45,"educational, science, exploration"
Microscope Kit 266,0,5,STEM,6.46,"educational, science, exploration"
Microscope Kit 184,4,7,STEM,49.28,"educational, science, exploration"
Solar Robot Kit 270,3,10,STEM,44.88,"educational, science, exploration"
Circuit Board Kit 454,3,9,STEM,92.12,"educational, science, exploration"
Circuit Board Kit 179,1,4,STEM,55.64,"educational, science, exploration"
Solar Robot Kit 455,0,7,STEM,97.16,"educational, science, exploration"
Solar Robot Kit 117,0,10,STEM,59.6,"educational, science, exploration"
Bug Catching Kit 467,3,4,STEM,74.78,"educational, science, exploration"
Circuit Board Kit 453,7,10,STEM,58.4,"educational, science, exploration"
Bug Catching Kit 34,6,12,STEM,51.32,"educational, science, exploration"
Bug Catching Kit 108,2,5,STEM,97.33,"educational, science, exploration"
Circuit Board Kit 133,1,12,STEM,71.88,"educational, science, exploration"
Solar Robot Kit 353,6,12,STEM,33.74,"educational, science, exploration"
Circuit Board Kit 78,2,3,STEM,18.51,"educational, science, exploration"
Rock Collection Set 421,0,3,STEM,83.89,"educational, science, exploration"
Rock Collection Set 315,5,8,STEM,67.43,"educational, science, exploration"
Bug Catching Kit 178,8,11,STEM,22.82,"educational, science, exploration"
Microscope Kit 454,1,5,STEM,69.48,"educational, science, exploration"
Solar Robot Kit 265,5,7,STEM,94.93,"educational, science, exploration"
Solar Robot Kit 51,7,12,STEM,26.87,"educational, science, exploration"
Microscope Kit 348,10,12,STEM,5.86,"educational, science, exploration"
Solar Robot Kit 305,7,12,STEM,73.03,"educational, science, exploration"
Solar Robot Kit 171,4,8,STEM,41.58,"educational, science, exploration"
Rock Collection Set 390,1,8,STEM,93.08,"educational, science, exploration"
Solar Robot Kit 397,2,6,STEM,89.58,"educational, science, exploration"
Solar Robot Kit 272,4,10,STEM,66.38,"educational, science, exploration"
Circuit Board Kit 202,4,10,STEM,28.53,"educational, science, exploration"
Circuit Board Kit 144,10,11,STEM,80.48,"educational, science, exploration"
Bug Catching Kit 459,3,4,STEM,15.32,"educational, science, exploration"
Circuit Board Kit 434,9,12,STEM,93.96,"educational, science, exploration"
Bug Catching Kit 304,5,8,STEM,68.5,"educational, science, exploration"
Bug Catching Kit 297,2,9,STEM,46.9,"educational, science, exploration"
Microscope Kit 479,7,10,STEM,30.44,"educational, science, exploration"
Microscope Kit 75,3,6,STEM,33.54,"educational, science, exploration"
Solar Robot Kit 11,3,9,STEM,84.98,"educational, science, exploration"
Circuit Board Kit 193,8,9,STEM,43.01,"educational, science, exploration"
Solar Robot Kit 47,2,11,STEM,64.68,"educational, science, exploration"
Solar Robot Kit 421,7,10,STEM,64.25,"educational, science, exploration"
Circuit Board Kit 50,9,10,STEM,63.33,"educational, science, exploration"
Circuit Board Kit 484,4,6,STEM,32.22,"educational, science, exploration"
Solar Robot Kit 68,4,11,STEM,27.47,"educational, science, exploration"
Circuit Board Kit 69,6,7,STEM,99.5,"educational, science, exploration"
Rock Collection Set 263,7,10,STEM,61.08,"educational, science, exploration"
Bug Catching Kit 56,9,12,STEM,23.47,"educational, science, exploration"
Bug Catching Kit 408,4,7,STEM,49.53,"educational, science, exploration"
Bug Catching Kit 305,10,12,STEM,26.58,"educational, science, exploration"
Solar Robot Kit 354,1,12,STEM,7.15,"educational, science, exploration"
Microscope Kit 17,1,5,STEM,46.56,"educational, science, exploration"
Bug Catching Kit 132,5,9,STEM,99.03,"educational, science, exploration"
Microscope Kit 486,7,9,STEM,53.98,"educational, science, exploration"
Bug Catching Kit 321,10,11,STEM,53.78,"educational, science, exploration"
Rock Collection Set 485,8,11,STEM,55.65,"educational, science, exploration"
Bug Catching Kit 147,2,11,STEM,83.01,"educational, science, exploration"
Microscope Kit 30,6,12,STEM,50.16,"educational, science, exploration"
Microscope Kit 420,6,7,STEM,84.37,"educational, science, exploration"
Rock Collection Set 256,0,4,STEM,56.63,"educational, science, exploration"
Circuit Board Kit 259,7,10,STEM,50.43,"educational, science, exploration"
Bug Catching Kit 198,6,8,STEM,50.73,"educational, science, exploration"
Microscope Kit 155,6,8,STEM,16,"educational, science, exploration"
Circuit Board Kit 245,1,12,STEM,45.68,"educational, science, exploration"
Bug Catching Kit 235,10,12,STEM,63.75,"educational, science, exploration"
Rock Collection Set 276,0,2,STEM,42.69,"educational, science, exploration"
Solar Robot Kit 473,6,10,STEM,38.6,"educational, science, exploration"
Solar Robot Kit 388,3,6,STEM,22.84,"educational, science, exploration"
Bug Catching Kit 189,8,11,STEM,88.37,"educational, science, exploration"
Rock Collection Set 50,8,10,STEM,44.08,"educational, science, exploration"
Microscope Kit 194,9,11,STEM,47.42,"educational, science, exploration"
Circuit Board Kit 330,1,2,STEM,58.11,"educational, science, exploration"
Rock Collection Set 72,3,10,STEM,26.82,"educational, science, exploration"
Circuit Board Kit 105,7,11,STEM,77.73,"educational, science, exploration"
Solar Robot Kit 69,9,10,STEM,19.37,"educational, science, exploration"
Circuit Board Kit 473,6,11,STEM,51.18,"educational, science, exploration"
Solar Robot Kit 396,8,10,STEM,83.25,"educational, science, exploration"
Microscope Kit 38,1,6,STEM,12.58,"educational, science, exploration"
Circuit Board Kit 428,9,10,STEM,86.55,"educational, science, exploration"
Microscope Kit 132,7,11,STEM,95.59,"educational, science, exploration"
Bug Catching Kit 315,6,11,STEM,80.32,"educational, science, exploration"
Microscope Kit 179,8,11,STEM,7.81,"educational, science, exploration"
Water Beads 490,10,11,Sensory,74.93,"calm, sensory, creative"
Kinetic Sand 374,2,10,Sensory,91.45,"calm, sensory, creative"
Textured Blocks 255,8,9,Sensory,85.92,"calm, sensory, creative"
Kinetic Sand 185,8,9,Sensory,73.43,"calm, sensory, creative"
Fidget Spinner 479,0,2,Sensory,69.83,"calm, sensory, creative"
Water Beads 122,5,12,Sensory,26.3,"calm, sensory, creative"
Textured Blocks 242,1,6,Sensory,30.27,"calm, sensory, creative"
Slime Kit 358,2,7,Sensory,76.97,"calm, sensory, creative"
Fidget Spinner 409,10,11,Sensory,52.96,"calm, sensory, creative"
Slime Kit 385,2,9,Sensory,32.53,"calm, sensory, creative"
Water Beads 107,6,10,Sensory,72.98,"calm, sensory, creative"
Fidget Spinner 33,0,10,Sensory,88.89,"calm, sensory, creative"
Fidget Spinner 227,9,11,Sensory,62.74,"calm, sensory, creative"
Kinetic Sand 410,4,11,Sensory,76.91,"calm, sensory, creative"
Textured Blocks 390,0,11,Sensory,28.81,"calm, sensory, creative"
Water Beads 104,5,6,Sensory,93.42,"calm, sensory, creative"
Fidget Spinner 456,7,11,Sensory,28.25,"calm, sensory, creative"
Kinetic Sand 135,10,12,Sensory,67.57,"calm, sensory, creative"
Slime Kit 493,2,11,Sensory,22.07,"calm, sensory, creative"
Fidget Spinner 488,10,12,Sensory,90.75,"calm, sensory, creative"
Textured Blocks 289,5,11,Sensory,11.32,"calm, sensory, creative"
Fidget Spinner 326,10,12,Sensory,51.29,"calm, sensory, creative"
Slime Kit 353,5,6,Sensory,97.73,"calm, sensory, creative"
Kinetic Sand 90,5,6,Sensory,48.56,"calm, sensory, creative"
Kinetic Sand 210,2,3,Sensory,70.46,"calm, sensory, creative"
Kinetic Sand 105,4,11,Sensory,21.32,"calm, sensory, creative"
Kinetic Sand 39,7,12,Sensory,78.24,"calm, sensory, creative"
Water Beads 242,0,9,Sensory,71.7,"calm, sensory, creative"
Kinetic Sand 149,10,11,Sensory,83.1,"calm, sensory, creative"
Fidget Spinner 245,0,9,Sensory,49.85,"calm, sensory, creative"
Slime Kit 158,1,12,Sensory,57.02,"calm, sensory, creative"
Water Beads 354,0,8,Sensory,88.14,"calm, sensory, creative"
Slime Kit 61,6,9,Sensory,11.16,"calm, sensory, creative"
Water Beads 445,8,12,Sensory,42.91,"calm, sensory, creative"
Slime Kit 402,5,6,Sensory,84.85,"calm, sensory, creative"
Fidget Spinner 193,6,7,Sensory,50.15,"calm, sensory, creative"
Water Beads 85,8,9,Sensory,55.86,"calm, sensory, creative"
Kinetic Sand 13,0,7,Sensory,74.42,"calm, sensory, creative"
Slime Kit 228,5,7,Sensory,98.59,"calm, sensory, creative"
Kinetic Sand 293,4,7,Sensory,21.22,"calm, sensory, creative"
Slime Kit 365,1,9,Sensory,79.42,"calm, sensory, creative"
Kinetic Sand 102,5,9,Sensory,36.25,"calm, sensory, creative"
Slime Kit 116,5,8,Sensory,37.95,"calm, sensory, creative"
Slime Kit 9,1,7,Sensory,90.65,"calm, sensory, creative"
Slime Kit 220,10,11,Sensory,88.47,"calm, sensory, creative"
Fidget Spinner 309,9,12,Sensory,93.42,"calm, sensory, creative"
Water Beads 137,1,12,Sensory,84.5,"calm, sensory, creative"
Fidget Spinner 62,6,12,Sensory,27.53,"calm, sensory, creative"
Kinetic Sand 310,9,12,Sensory,83.26,"calm, sensory, creative"
Water Beads 376,3,7,Sensory,92.02,"calm, sensory, creative"
Slime Kit 129,7,8,Sensory,32.71,"calm, sensory, creative"
Water Beads 97,5,6,Sensory,71.26,"calm, sensory, creative"
Kinetic Sand 204,8,11,Sensory,59.13,"calm, sensory, creative"
Slime Kit 335,1,9,Sensory,17.99,"calm, sensory, creative"
Textured Blocks 145,3,4,Sensory,78.52,"calm, sensory, creative"
Textured Blocks 175,6,8,Sensory,72.03,"calm, sensory, creative"
Slime Kit 132,7,11,Sensory,89.78,"calm, sensory, creative"
Fidget Spinner 318,0,6,Sensory,62.09,"calm, sensory, creative"
Water Beads 343,8,9,Sensory,78.56,"calm, sensory, creative"
Kinetic Sand 404,7,11,Sensory,60.17,"calm, sensory, creative"
Kinetic Sand 176,2,6,Sensory,96.74,"calm, sensory, creative"
Fidget Spinner 111,2,5,Sensory,35.96,"calm, sensory, creative"
Textured Blocks 369,8,12,Sensory,50.4,"calm, sensory, creative"
Kinetic Sand 107,2,4,Sensory,10.1,"calm, sensory, creative"
Slime Kit 113,7,11,Sensory,22.31,"calm, sensory, creative"
Kinetic Sand 421,5,9,Sensory,20.4,"calm, sensory, creative"
Slime Kit 37,7,11,Sensory,12.89,"calm, sensory, creative"
Textured Blocks 421,1,11,Sensory,26.42,"calm, sensory, creative"
Fidget Spinner 68,1,7,Sensory,78.76,"calm, sensory, creative"
Water Beads 249,4,10,Sensory,35.54,"calm, sensory, creative"
Textured Blocks 135,9,10,Sensory,73.82,"calm, sensory, creative"
Water Beads 490,3,7,Sensory,67.64,"calm, sensory, creative"
Slime Kit 171,0,5,Sensory,43.71,"calm, sensory, creative"
Textured Blocks 366,0,7,Sensory,75.2,"calm, sensory, creative"
Slime Kit 274,9,11,Sensory,51.25,"calm, sensory, creative"
Fidget Spinner 181,6,11,Sensory,12.87,"calm, sensory, creative"
Fidget Spinner 431,6,11,Sensory,60.12,"calm, sensory, creative"
Water Beads 96,2,8,Sensory,76.66,"calm, sensory, creative"
Kinetic Sand 462,3,11,Sensory,55.83,"calm, sensory, creative"
Kinetic Sand 287,2,11,Sensory,61.38,"calm, sensory, creative"
Water Beads 402,10,11,Sensory,20.77,"calm, sensory, creative"
Slime Kit 285,7,9,Sensory,50.83,"calm, sensory, creative"
Water Beads 463,8,10,Sensory,49.57,"calm, sensory, creative"
Water Beads 397,0,6,Sensory,81.66,"calm, sensory, creative"
Slime Kit 187,9,12,Sensory,80,"calm, sensory, creative"
Fidget Spinner 214,9,10,Sensory,74.35,"calm, sensory, creative"
Fidget Spinner 258,9,12,Sensory,58.28,"calm, sensory, creative"
Textured Blocks 310,4,9,Sensory,57.72,"calm, sensory, creative"
Textured Blocks 497,2,7,Sensory,55.05,"calm, sensory, creative"
Textured Blocks 471,5,11,Sensory,61.96,"calm, sensory, creative"
Textured Blocks 468,9,12,Sensory,95.06,"calm, sensory, creative"
Textured Blocks 190,8,9,Sensory,70.84,"calm, sensory, creative"
Kinetic Sand 215,1,10,Sensory,18.99,"calm, sensory, creative"
Water Beads 419,9,11,Sensory,51.08,"calm, sensory, creative"
Water Beads 158,0,3,Sensory,19.82,"calm, sensory, creative"
Kinetic Sand 269,7,12,Sensory,49.44,"calm, sensory, creative"
Textured Blocks 81,3,6,Sensory,29.06,"calm, sensory, creative"
Water Beads 311,8,9,Sensory,88.87,"calm, sensory, creative"
Water Beads 108,2,6,Sensory,71,"calm, sensory, creative"
Kinetic Sand 470,0,5,Sensory,60.72,"calm, sensory, creative"
Castle Playset 366,3,12,Imaginative Play,33.21,"imaginative, roleplay, creative"
Doctor Kit 216,6,12,Imaginative Play,17.7,"imaginative, roleplay, creative"
Pirate Ship Set 375,3,10,Imaginative Play,18.13,"imaginative, roleplay, creative"
Play Kitchen 458,10,12,Imaginative Play,46.72,"imaginative, roleplay, creative"
Doctor Kit 371,1,9,Imaginative Play,92.52,"imaginative, roleplay, creative"
Pirate Ship Set 357,0,12,Imaginative Play,72.31,"imaginative, roleplay, creative"
Pirate Ship Set 377,5,6,Imaginative Play,43.64,"imaginative, roleplay, creative"
Play Kitchen 169,7,8,Imaginative Play,95.98,"imaginative, roleplay, creative"
Castle Playset 480,5,12,Imaginative Play,45.46,"imaginative, roleplay, creative"
Dollhouse 323,9,12,Imaginative Play,10.26,"imaginative, roleplay, creative"
Pirate Ship Set 403,6,11,Imaginative Play,31.14,"imaginative, roleplay, creative"
Pirate Ship Set 140,6,10,Imaginative Play,53.06,"imaginative, roleplay, creative"
Castle Playset 140,3,8,Imaginative Play,94.74,"imaginative, roleplay, creative"
Play Kitchen 82,6,11,Imaginative Play,82.89,"imaginative, roleplay, creative"
Dollhouse 495,10,12,Imaginative Play,53.02,"imaginative, roleplay, creative"
Play Kitchen 13,8,12,Imaginative Play,70.69,"imaginative, roleplay, creative"
Doctor Kit 496,3,7,Imaginative Play,33.03,"imaginative, roleplay, creative"
Pirate Ship Set 220,6,8,Imaginative Play,24.46,"imaginative, roleplay, creative"
Dollhouse 8,4,11,Imaginative Play,53.15,"imaginative, roleplay, creative"
Castle Playset 41,7,8,Imaginative Play,10.55,"imaginative, roleplay, creative"
Dollhouse 427,7,10,Imaginative Play,71.06,"imaginative, roleplay, creative"
Dollhouse 412,2,10,Imaginative Play,73.15,"imaginative, roleplay, creative"
Doctor Kit 209,10,11,Imaginative Play,54.09,"imaginative, roleplay, creative"
Dollhouse 265,4,12,Imaginative Play,6.64,"imaginative, roleplay, creative"
Doctor Kit 323,2,3,Imaginative Play,97.7,"imaginative, roleplay, creative"
Castle Playset 477,9,11,Imaginative Play,82,"imaginative, roleplay, creative"
Dollhouse 421,0,12,Imaginative Play,43.51,"imaginative, roleplay, creative"
Dollhouse 385,8,10,Imaginative Play,77.56,"imaginative, roleplay, creative"
Play Kitchen 75,6,8,Imaginative Play,17.06,"imaginative, roleplay, creative"
Play Kitchen 396,6,10,Imaginative Play,81.13,"imaginative, roleplay, creative"
Play Kitchen 496,9,11,Imaginative Play,16.96,"imaginative, roleplay, creative"
Dollhouse 10,6,9,Imaginative Play,96.39,"imaginative, roleplay, creative"
Castle Playset 32,9,10,Imaginative Play,63.94,"imaginative, roleplay, creative"
Dollhouse 156,6,12,Imaginative Play,29.78,"imaginative, roleplay, creative"
Pirate Ship Set 179,3,8,Imaginative Play,28.93,"imaginative, roleplay, creative"
Dollhouse 186,10,11,Imaginative Play,52.3,"imaginative, roleplay, creative"
Castle Playset 115,1,9,Imaginative Play,49.73,"imaginative, roleplay, creative"
Play Kitchen 453,0,3,Imaginative Play,35.96,"imaginative, roleplay, creative"
Pirate Ship Set 304,7,10,Imaginative Play,88.22,"imaginative, roleplay, creative"
Pirate Ship Set 167,4,5,Imaginative Play,58.31,"imaginative, roleplay, creative"
Dollhouse 133,0,3,Imaginative Play,29.24,"imaginative, roleplay, creative"
Doctor Kit 191,9,10,Imaginative Play,55.3,"imaginative, roleplay, creative"
Pirate Ship Set 385,2,11,Imaginative Play,29.66,"imaginative, roleplay, creative"
Dollhouse 424,9,11,Imaginative Play,84.53,"imaginative, roleplay, creative"
Dollhouse 287,9,10,Imaginative Play,51.98,"imaginative, roleplay, creative"
Doctor Kit 478,0,9,Imaginative Play,56.06,"imaginative, roleplay, creative"
Dollhouse 276,9,12,Imaginative Play,83.37,"imaginative, roleplay, creative"
Dollhouse 257,4,5,Imaginative Play,86.89,"imaginative, roleplay, creative"
Castle Playset 94,9,11,Imaginative Play,96.67,"imaginative, roleplay, creative"
Play Kitchen 114,3,8,Imaginative Play,30.39,"imaginative, roleplay, creative"
Castle Playset 182,10,12,Imaginative Play,18.47,"imaginative, roleplay, creative"
Doctor Kit 20,2,7,Imaginative Play,16.22,"imaginative, roleplay, creative"
Pirate Ship Set 367,8,9,Imaginative Play,27.57,"imaginative, roleplay, creative"
Doctor Kit 284,9,10,Imaginative Play,89.45,"imaginative, roleplay, creative"
Play Kitchen 400,3,12,Imaginative Play,95.68,"imaginative, roleplay, creative"
Dollhouse 83,1,5,Imaginative Play,46.47,"imaginative, roleplay, creative"
Doctor Kit 322,1,3,Imaginative Play,53.35,"imaginative, roleplay, creative"
Play Kitchen 480,8,12,Imaginative Play,48.37,"imaginative, roleplay, creative"
Castle Playset 52,6,10,Imaginative Play,77.58,"imaginative, roleplay, creative"
Doctor Kit 2,7,9,Imaginative Play,83.42,"imaginative, roleplay, creative"
Play Kitchen 419,6,7,Imaginative Play,14.25,"imaginative, roleplay, creative"
Doctor Kit 194,4,10,Imaginative Play,90.44,"imaginative, roleplay, creative"
Castle Playset 89,10,11,Imaginative Play,60.65,"imaginative, roleplay, creative"
Castle Playset 119,5,12,Imaginative Play,88.61,"imaginative, roleplay, creative"
Doctor Kit 185,9,12,Imaginative Play,29.3,"imaginative, roleplay, creative"
Pirate Ship Set 61,7,12,Imaginative Play,32.65,"imaginative, roleplay, creative"
Castle Playset 141,5,11,Imaginative Play,64.71,"imaginative, roleplay, creative"
Play Kitchen 4,7,8,Imaginative Play,75.13,"imaginative, roleplay, creative"
Castle Playset 412,1,12,Imaginative Play,38.04,"imaginative, roleplay, creative"
Castle Playset 81,5,10,Imaginative Play,95.53,"imaginative, roleplay, creative"
Dollhouse 41,4,7,Imaginative Play,61.35,"imaginative, roleplay, creative"
Castle Playset 330,4,12,Imaginative Play,19.79,"imaginative, roleplay, creative"
Pirate Ship Set 21,4,7,Imaginative Play,32.03,"imaginative, roleplay, creative"
Pirate Ship Set 494,1,10,Imaginative Play,63.2,"imaginative, roleplay, creative"
Play Kitchen 237,10,11,Imaginative Play,49.74,"imaginative, roleplay, creative"
Castle Playset 60,8,9,Imaginative Play,33.68,"imaginative, roleplay, creative"
Castle Playset 330,5,11,Imaginative Play,53.49,"imaginative, roleplay, creative"
Castle Playset 321,9,12,Imaginative Play,34.83,"imaginative, roleplay, creative"
Play Kitchen 355,4,10,Imaginative Play,36.92,"imaginative, roleplay, creative"
Doctor Kit 176,5,10,Imaginative Play,72.28,"imaginative, roleplay, creative"
Play Kitchen 343,5,9,Imaginative Play,98.85,"imaginative, roleplay, creative"
Play Kitchen 59,0,12,Imaginative Play,7.81,"imaginative, roleplay, creative"
Pirate Ship Set 143,10,12,Imaginative Play,45.94,"imaginative, roleplay, creative"
Castle Playset 86,0,11,Imaginative Play,99.27,"imaginative, roleplay, creative"
Doctor Kit 246,0,7,Imaginative Play,97.79,"imaginative, roleplay, creative"
Pirate Ship Set 93,7,9,Imaginative Play,64.78,"imaginative, roleplay, creative"
Pirate Ship Set 222,3,8,Imaginative Play,55.01,"imaginative, roleplay, creative"
Pirate Ship Set 176,8,10,Imaginative Play,92.19,"imaginative, roleplay, creative"
Doctor Kit 74,1,5,Imaginative Play,82.34,"imaginative, roleplay, creative"
Pirate Ship Set 414,2,3,Imaginative Play,47.59,"imaginative, roleplay, creative"
Play Kitchen 106,6,7,Imaginative Play,19.56,"imaginative, roleplay, creative"
Play Kitchen 348,8,10,Imaginative Play,62.85,"imaginative, roleplay, creative"
Castle Playset 94,10,12,Imaginative Play,53.31,"imaginative, roleplay, creative"
Doctor Kit 290,6,12,Imaginative Play,61.77,"imaginative, roleplay, creative"
Pirate Ship Set 156,9,11,Imaginative Play,78.23,"imaginative, roleplay, creative"
Castle Playset 114,5,6,Imaginative Play,90.2,"imaginative, roleplay, creative"
Dollhouse 139,0,11,Imaginative Play,52.84,"imaginative, roleplay, creative"
Doctor Kit 352,5,10,Imaginative Play,91.82,"imaginative, roleplay, creative"
Pirate Ship Set 285,7,8,Imaginative Play,68.94,"imaginative, roleplay, creative"
Castle Playset 98,3,6,Imaginative Play,67.41,"imaginative, roleplay, creative"
Stacking Rings 145,0,12,Motor Skills,77.76,"active, coordination, development"
Balance Bike 474,10,11,Motor Skills,9.18,"active, coordination, development"
Shape Sorter 159,3,10,Motor Skills,98.79,"active, coordination, development"
Shape Sorter 332,5,8,Motor Skills,68.13,"active, coordination, development"
Shape Sorter 231,0,3,Motor Skills,80.27,"active, coordination, development"
Stacking Rings 118,3,9,Motor Skills,72.35,"active, coordination, development"
Balance Bike 277,7,8,Motor Skills,79.35,"active, coordination, development"
Climbing Blocks 263,10,11,Motor Skills,5.69,"active, coordination, development"
Balance Bike 41,0,6,Motor Skills,89.93,"active, coordination, development"
Lacing Beads 134,6,8,Motor Skills,14.32,"active, coordination, development"
Stacking Rings 159,8,10,Motor Skills,30.22,"active, coordination, development"
Balance Bike 37,3,8,Motor Skills,68.3,"active, coordination, development"
Shape Sorter 424,6,11,Motor Skills,64.46,"active, coordination, development"
Shape Sorter 287,1,12,Motor Skills,93.65,"active, coordination, development"
Lacing Beads 189,10,12,Motor Skills,72.35,"active, coordination, development"
Balance Bike 326,1,5,Motor Skills,52.87,"active, coordination, development"
Stacking Rings 358,0,6,Motor Skills,71.25,"active, coordination, development"
Shape Sorter 386,2,12,Motor Skills,42.67,"active, coordination, development"
Balance Bike 196,6,7,Motor Skills,49,"active, coordination, development"
Shape Sorter 386,4,7,Motor Skills,14.87,"active, coordination, development"
Climbing Blocks 83,7,11,Motor Skills,61.72,"active, coordination, development"
Lacing Beads 460,2,12,Motor Skills,34.86,"active, coordination, development"
Balance Bike 306,10,12,Motor Skills,42.41,"active, coordination, development"
Lacing Beads 23,0,12,Motor Skills,40.17,"active, coordination, development"
Climbing Blocks 3,2,3,Motor Skills,96.12,"active, coordination, development"
Shape Sorter 128,5,12,Motor Skills,32.88,"active, coordination, development"
Lacing Beads 333,10,11,Motor Skills,37.22,"active, coordination, development"
Lacing Beads 82,7,8,Motor Skills,41.8,"active, coordination, development"
Balance Bike 413,3,5,Motor Skills,82.96,"active, coordination, development"
Climbing Blocks 465,9,10,Motor Skills,39.66,"active, coordination, development"
Balance Bike 460,9,11,Motor Skills,45.04,"active, coordination, development"
Stacking Rings 291,1,2,Motor Skills,52.52,"active, coordination, development"
Balance Bike 243,4,8,Motor Skills,66.04,"active, coordination, development"
Climbing Blocks 165,7,10,Motor Skills,7.68,"active, coordination, development"
Balance Bike 218,0,1,Motor Skills,72.97,"active, coordination, development"
Shape Sorter 430,1,6,Motor Skills,50.27,"active, coordination, development"
Climbing Blocks 261,7,10,Motor Skills,33.16,"active, coordination, development"
Climbing Blocks 194,6,11,Motor Skills,69.9,"active, coordination, development"
Shape Sorter 397,4,6,Motor Skills,16.14,"active, coordination, development"
Lacing Beads 63,7,12,Motor Skills,61.44,"active, coordination, development"
Shape Sorter 457,3,4,Motor Skills,33.29,"active, coordination, development"
Climbing Blocks 154,3,6,Motor Skills,55.49,"active, coordination, development"
Balance Bike 355,8,11,Motor Skills,83.01,"active, coordination, development"
Lacing Beads 448,1,12,Motor Skills,11.2,"active, coordination, development"
Stacking Rings 68,2,6,Motor Skills,5.79,"active, coordination, development"
Shape Sorter 191,2,7,Motor Skills,98.52,"active, coordination, development"
Balance Bike 271,3,4,Motor Skills,71.01,"active, coordination, development"
Balance Bike 149,5,9,Motor Skills,87.44,"active, coordination, development"
Climbing Blocks 49,8,12,Motor Skills,61.49,"active, coordination, development"
Climbing Blocks 63,8,12,Motor Skills,5.37,"active, coordination, development"
Balance Bike 198,7,9,Motor Skills,85.32,"active, coordination, development"
Lacing Beads 345,4,11,Motor Skills,44.76,"active, coordination, development"
Shape Sorter 4,9,10,Motor Skills,86.75,"active, coordination, development"
Shape Sorter 236,2,5,Motor Skills,6.94,"active, coordination, development"
Climbing Blocks 16,2,6,Motor Skills,47.39,"active, coordination, development"
Lacing Beads 458,0,6,Motor Skills,64.63,"active, coordination, development"
Lacing Beads 42,0,4,Motor Skills,57.54,"active, coordination, development"
Lacing Beads 445,7,11,Motor Skills,40.18,"active, coordination, development"
Balance Bike 251,0,12,Motor Skills,48.18,"active, coordination, development"
Lacing Beads 419,6,9,Motor Skills,34.32,"active, coordination, development"
Climbing Blocks 123,8,9,Motor Skills,23.98,"active, coordination, development"
Lacing Beads 4,2,8,Motor Skills,80.02,"active, coordination, development"
Climbing Blocks 43,8,10,Motor Skills,38.96,"active, coordination, development"
Lacing Beads 294,5,9,Motor Skills,88.7,"active, coordination, development"
Lacing Beads 190,5,9,Motor Skills,23.17,"active, coordination, development"
Stacking Rings 229,7,8,Motor Skills,97.5,"active, coordination, development"
Balance Bike 143,9,11,Motor Skills,86.27,"active, coordination, development"
Climbing Blocks 99,6,9,Motor Skills,42.14,"active, coordination, development"
Stacking Rings 47,3,11,Motor Skills,55.58,"active, coordination, development"
Climbing Blocks 219,2,3,Motor Skills,87.87,"active, coordination, development"
Climbing Blocks 100,8,12,Motor Skills,78.43,"active, coordination, development"
Shape Sorter 221,0,7,Motor Skills,74.46,"active, coordination, development"
Lacing Beads 6,6,7,Motor Skills,98.32,"active, coordination, development"
Balance Bike 145,4,7,Motor Skills,27.65,"active, coordination, development"
Shape Sorter 46,8,11,Motor Skills,36.36,"active, coordination, development"
Climbing Blocks 445,8,12,Motor Skills,51.02,"active, coordination, development"
Balance Bike 96,4,11,Motor Skills,32.74,"active, coordination, development"
Lacing Beads 197,0,6,Motor Skills,44.2,"active, coordination, development"
Shape Sorter 403,10,12,Motor Skills,81.55,"active, coordination, development"
Climbing Blocks 340,10,11,Motor Skills,94.2,"active, coordination, development"
Climbing Blocks 176,2,7,Motor Skills,80.24,"active, coordination, development"
Shape Sorter 473,1,10,Motor Skills,82.19,"active, coordination, development"
Lacing Beads 351,2,12,Motor Skills,61.66,"active, coordination, development"
Stacking Rings 142,6,7,Motor Skills,44.65,"active, coordination, development"
Lacing Beads 70,10,11,Motor Skills,6.03,"active, coordination, development"
Stacking Rings 439,8,10,Motor Skills,68.69,"active, coordination, development"
Lacing Beads 6,3,11,Motor Skills,90.69,"active, coordination, development"
Climbing Blocks 318,6,8,Motor Skills,43.31,"active, coordination, development"
Stacking Rings 244,0,10,Motor Skills,25.95,"active, coordination, development"
Lacing Beads 442,6,7,Motor Skills,7.76,"active, coordination, development"
Climbing Blocks 227,1,8,Motor Skills,66.03,"active, coordination, development"
Shape Sorter 150,6,9,Motor Skills,52.28,"active, coordination, development"
Lacing Beads 463,9,10,Motor Skills,84.28,"active, coordination, development"
Climbing Blocks 432,3,5,Motor Skills,25.63,"active, coordination, development"
Lacing Beads 245,9,10,Motor Skills,38.7,"active, coordination, development"
Shape Sorter 73,8,12,Motor Skills,52.32,"active, coordination, development"
Balance Bike 389,5,10,Motor Skills,6.76,"active, coordination, development"
Climbing Blocks 33,8,11,Motor Skills,23.71,"active, coordination, development"
Balance Bike 387,4,7,Motor Skills,27.65,"active, coordination, development"
Lacing Beads 386,8,12,Motor Skills,14.41,"active, coordination, development"
Charades for Kids 480,6,8,Social Collaborative Play,39.24,"social, teamwork, cooperative"
Team Puzzle 324,9,12,Social Collaborative Play,67.4,"social, teamwork, cooperative"
Board Game Junior 352,0,12,Social Collaborative Play,35.32,"social, teamwork, cooperative"
Group Art Kit 160,8,10,Social Collaborative Play,84.78,"social, teamwork, cooperative"
Charades for Kids 67,9,11,Social Collaborative Play,72.61,"social, teamwork, cooperative"
Charades for Kids 223,4,6,Social Collaborative Play,75.73,"social, teamwork, cooperative"
Group Art Kit 238,8,9,Social Collaborative Play,48.67,"social, teamwork, cooperative"
Charades for Kids 105,7,8,Social Collaborative Play,92.42,"social, teamwork, cooperative"
Charades for Kids 463,2,12,Social Collaborative Play,56.72,"social, teamwork, cooperative"
Board Game Junior 128,0,8,Social Collaborative Play,35.27,"social, teamwork, cooperative"
Team Puzzle 226,1,12,Social Collaborative Play,77.47,"social, teamwork, cooperative"
Building Blocks Set 13,2,6,Social Collaborative Play,11.32,"social, teamwork, cooperative"
Team Puzzle 290,10,12,Social Collaborative Play,42.3,"social, teamwork, cooperative"
Charades for Kids 99,0,3,Social Collaborative Play,10.64,"social, teamwork, cooperative"
Team Puzzle 289,10,12,Social Collaborative Play,82.54,"social, teamwork, cooperative"
Charades for Kids 338,5,6,Social Collaborative Play,49.51,"social, teamwork, cooperative"
Group Art Kit 218,9,11,Social Collaborative Play,47.93,"social, teamwork, cooperative"
Charades for Kids 418,3,6,Social Collaborative Play,19.13,"social, teamwork, cooperative"
Board Game Junior 83,4,6,Social Collaborative Play,55.47,"social, teamwork, cooperative"
Board Game Junior 90,4,7,Social Collaborative Play,25.78,"social, teamwork, cooperative"
Team Puzzle 266,4,10,Social Collaborative Play,99.87,"social, teamwork, cooperative"
Group Art Kit 157,2,10,Social Collaborative Play,44.19,"social, teamwork, cooperative"
Board Game Junior 412,2,3,Social Collaborative Play,19.99,"social, teamwork, cooperative"
Board Game Junior 347,7,9,Social Collaborative Play,86.45,"social, teamwork, cooperative"
Board Game Junior 497,6,9,Social Collaborative Play,69.56,"social, teamwork, cooperative"
Group Art Kit 12,5,10,Social Collaborative Play,45.54,"social, teamwork, cooperative"
Team Puzzle 219,1,10,Social Collaborative Play,61.64,"social, teamwork, cooperative"
Charades for Kids 253,9,11,Social Collaborative Play,5.21,"social, teamwork, cooperative"
Charades for Kids 377,3,12,Social Collaborative Play,33.71,"social, teamwork, cooperative"
Group Art Kit 478,4,12,Social Collaborative Play,98.91,"social, teamwork, cooperative"
Group Art Kit 422,6,10,Social Collaborative Play,36.9,"social, teamwork, cooperative"
Group Art Kit 12,9,10,Social Collaborative Play,6.42,"social, teamwork, cooperative"
Group Art Kit 255,2,11,Social Collaborative Play,26.44,"social, teamwork, cooperative"
Building Blocks Set 22,8,9,Social Collaborative Play,57.93,"social, teamwork, cooperative"
Charades for Kids 489,4,11,Social Collaborative Play,38.03,"social, teamwork, cooperative"
Group Art Kit 280,0,6,Social Collaborative Play,57.15,"social, teamwork, cooperative"
Board Game Junior 28,9,11,Social Collaborative Play,60.45,"social, teamwork, cooperative"
Charades for Kids 252,6,11,Social Collaborative Play,51.68,"social, teamwork, cooperative"
Team Puzzle 437,6,12,Social Collaborative Play,25.83,"social, teamwork, cooperative"
Team Puzzle 10,8,12,Social Collaborative Play,43.58,"social, teamwork, cooperative"
Charades for Kids 327,2,11,Social Collaborative Play,59.71,"social, teamwork, cooperative"
Group Art Kit 395,2,10,Social Collaborative Play,51.64,"social, teamwork, cooperative"
Charades for Kids 212,10,11,Social Collaborative Play,54.13,"social, teamwork, cooperative"
Charades for Kids 146,1,11,Social Collaborative Play,34.17,"social, teamwork, cooperative"
Group Art Kit 6,0,5,Social Collaborative Play,16.67,"social, teamwork, cooperative"
Team Puzzle 363,3,11,Social Collaborative Play,40.56,"social, teamwork, cooperative"
Board Game Junior 3,0,8,Social Collaborative Play,50.36,"social, teamwork, cooperative"
Building Blocks Set 483,0,1,Social Collaborative Play,61.66,"social, teamwork, cooperative"
Board Game Junior 117,9,12,Social Collaborative Play,20.3,"social, teamwork, cooperative"
Building Blocks Set 109,4,8,Social Collaborative Play,54.37,"social, teamwork, cooperative"
Board Game Junior 286,9,10,Social Collaborative Play,86.9,"social, teamwork, cooperative"
Building Blocks Set 489,5,10,Social Collaborative Play,56.72,"social, teamwork, cooperative"
Building Blocks Set 298,4,7,Social Collaborative Play,91.03,"social, teamwork, cooperative"
Group Art Kit 182,7,9,Social Collaborative Play,50.35,"social, teamwork, cooperative"
Team Puzzle 244,0,12,Social Collaborative Play,13.09,"social, teamwork, cooperative"
Team Puzzle 342,2,9,Social Collaborative Play,56.73,"social, teamwork, cooperative"
Group Art Kit 6,7,9,Social Collaborative Play,88.87,"social, teamwork, cooperative"
Board Game Junior 426,7,9,Social Collaborative Play,29.41,"social, teamwork, cooperative"
Building Blocks Set 293,8,12,Social Collaborative Play,77.9,"social, teamwork, cooperative"
Team Puzzle 369,6,8,Social Collaborative Play,27.42,"social, teamwork, cooperative"
Group Art Kit 435,1,3,Social Collaborative Play,18.94,"social, teamwork, cooperative"
Team Puzzle 95,0,6,Social Collaborative Play,18.38,"social, teamwork, cooperative"
Board Game Junior 159,10,11,Social Collaborative Play,85.64,"social, teamwork, cooperative"
Group Art Kit 65,6,9,Social Collaborative Play,45.95,"social, teamwork, cooperative"
Board Game Junior 488,1,11,Social Collaborative Play,95,"social, teamwork, cooperative"
Charades for Kids 334,10,11,Social Collaborative Play,60.36,"social, teamwork, cooperative"
Board Game Junior 483,9,11,Social Collaborative Play,86.39,"social, teamwork, cooperative"
Board Game Junior 470,8,12,Social Collaborative Play,98.24,"social, teamwork, cooperative"
Building Blocks Set 341,10,11,Social Collaborative Play,32.08,"social, teamwork, cooperative"
Group Art Kit 104,5,6,Social Collaborative Play,87.85,"social, teamwork, cooperative"
Team Puzzle 281,3,4,Social Collaborative Play,87.53,"social, teamwork, cooperative"
Charades for Kids 432,8,11,Social Collaborative Play,73.63,"social, teamwork, cooperative"
Group Art Kit 47,10,12,Social Collaborative Play,21.81,"social, teamwork, cooperative"
Team Puzzle 191,8,11,Social Collaborative Play,50.94,"social, teamwork, cooperative"
Charades for Kids 271,10,11,Social Collaborative Play,87.84,"social, teamwork, cooperative"
Charades for Kids 8,10,12,Social Collaborative Play,99.07,"social, teamwork, cooperative"
Group Art Kit 112,5,10,Social Collaborative Play,55.01,"social, teamwork, cooperative"
Board Game Junior 232,7,12,Social Collaborative Play,78.72,"social, teamwork, cooperative"
Team Puzzle 189,2,12,Social Collaborative Play,34.82,"social, teamwork, cooperative"
Group Art Kit 470,4,6,Social Collaborative Play,87.65,"social, teamwork, cooperative"
Charades for Kids 162,0,11,Social Collaborative Play,96.23,"social, teamwork, cooperative"
Building Blocks Set 308,8,12,Social Collaborative Play,95.46,"social, teamwork, cooperative"
Board Game Junior 305,3,9,Social Collaborative Play,16.89,"social, teamwork, cooperative"
Group Art Kit 289,3,9,Social Collaborative Play,13.46,"social, teamwork, cooperative"
Group Art Kit 201,5,8,Social Collaborative Play,71.58,"social, teamwork, cooperative"
Group Art Kit 90,9,12,Social Collaborative Play,42.93,"social, teamwork, cooperative"
Board Game Junior 217,0,6,Social Collaborative Play,48.8,"social, teamwork, cooperative"
Charades for Kids 497,8,12,Social Collaborative Play,99.16,"social, teamwork, cooperative"
Board Game Junior 182,1,3,Social Collaborative Play,18.32,"social, teamwork, cooperative"
Board Game Junior 19,3,8,Social Collaborative Play,42.73,"social, teamwork, cooperative"
Team Puzzle 459,8,12,Social Collaborative Play,85.66,"social, teamwork, cooperative"
Team Puzzle 307,2,7,Social Collaborative Play,68.29,"social, teamwork, cooperative"
Building Blocks Set 130,7,8,Social Collaborative Play,45.99,"social, teamwork, cooperative"
Team Puzzle 61,9,10,Social Collaborative Play,64.23,"social, teamwork, cooperative"
Building Blocks Set 496,2,12,Social Collaborative Play,64.27,"social, teamwork, cooperative"
Charades for Kids 116,0,11,Social Collaborative Play,95.58,"social, teamwork, cooperative"
Building Blocks Set 82,8,12,Social Collaborative Play,38.09,"social, teamwork, cooperative"
Team Puzzle 227,6,12,Social Collaborative Play,29.12,"social, teamwork, cooperative"
Group Art Kit 497,7,10,Social Collaborative Play,99.06,"social, teamwork, cooperative"
Group Art Kit 217,3,10,Social Collaborative Play,14.61,"social, teamwork, cooperative"
Robot Dog 376,5,7,Electronic,13.05,"remote, interactive, technology"
Remote Helicopter 442,8,11,Electronic,76.65,"remote, interactive, technology"
RC Boat 397,6,7,Electronic,35.92,"remote, interactive, technology"
Interactive Tablet Toy 7,3,6,Electronic,43.66,"remote, interactive, technology"
Robot Dog 373,10,11,Electronic,92.8,"remote, interactive, technology"
Robot Dog 198,8,9,Electronic,53.72,"remote, interactive, technology"
Remote Helicopter 109,9,11,Electronic,32.38,"remote, interactive, technology"
Robot Dog 256,10,12,Electronic,61.51,"remote, interactive, technology"
RC Car 36,2,11,Electronic,22.02,"remote, interactive, technology"
RC Car 233,8,9,Electronic,32.72,"remote, interactive, technology"
Interactive Tablet Toy 242,1,4,Electronic,90.78,"remote, interactive, technology"
RC Boat 97,6,11,Electronic,9.54,"remote, interactive, technology"
Robot Dog 221,10,12,Electronic,7.45,"remote, interactive, technology"
Remote Helicopter 496,7,12,Electronic,49.75,"remote, interactive, technology"
Interactive Tablet Toy 217,0,1,Electronic,62.84,"remote, interactive, technology"
Remote Helicopter 429,9,12,Electronic,47.58,"remote, interactive, technology"
Robot Dog 294,10,11,Electronic,32.64,"remote, interactive, technology"
Remote Helicopter 146,10,12,Electronic,12.76,"remote, interactive, technology"
RC Car 399,9,11,Electronic,69.6,"remote, interactive, technology"
Remote Helicopter 446,1,5,Electronic,37.78,"remote, interactive, technology"
RC Car 45,5,7,Electronic,28.47,"remote, interactive, technology"
Robot Dog 450,7,10,Electronic,61.67,"remote, interactive, technology"
Remote Helicopter 112,1,3,Electronic,53.82,"remote, interactive, technology"
Remote Helicopter 489,4,9,Electronic,45.48,"remote, interactive, technology"
Robot Dog 457,2,7,Electronic,58.09,"remote, interactive, technology"
RC Boat 21,5,10,Electronic,49.74,"remote, interactive, technology"
Robot Dog 372,10,11,Electronic,54.26,"remote, interactive, technology"
Interactive Tablet Toy 398,10,12,Electronic,45.14,"remote, interactive, technology"
Robot Dog 351,10,12,Electronic,43.45,"remote, interactive, technology"
RC Boat 295,9,11,Electronic,14.24,"remote, interactive, technology"
RC Car 382,8,12,Electronic,89.43,"remote, interactive, technology"
Interactive Tablet Toy 270,10,12,Electronic,73.41,"remote, interactive, technology"
Remote Helicopter 314,8,11,Electronic,44.08,"remote, interactive, technology"
Robot Dog 227,4,11,Electronic,69.09,"remote, interactive, technology"
Remote Helicopter 108,8,11,Electronic,13.71,"remote, interactive, technology"
RC Car 168,7,9,Electronic,45.01,"remote, interactive, technology"
Robot Dog 51,9,11,Electronic,11.99,"remote, interactive, technology"
RC Boat 347,2,12,Electronic,77.19,"remote, interactive, technology"
RC Car 77,5,9,Electronic,15.81,"remote, interactive, technology"
RC Boat 175,4,7,Electronic,70.08,"remote, interactive, technology"
Interactive Tablet Toy 145,3,11,Electronic,75.08,"remote, interactive, technology"
Interactive Tablet Toy 20,4,11,Electronic,25.05,"remote, interactive, technology"
RC Car 252,10,12,Electronic,72.72,"remote, interactive, technology"
RC Boat 112,10,11,Electronic,66.14,"remote, interactive, technology"
RC Boat 431,2,5,Electronic,31.06,"remote, interactive, technology"
Interactive Tablet Toy 311,10,12,Electronic,74.94,"remote, interactive, technology"
RC Boat 142,1,5,Electronic,85.11,"remote, interactive, technology"
Interactive Tablet Toy 391,5,8,Electronic,95.18,"remote, interactive, technology"
RC Boat 234,1,3,Electronic,37.51,"remote, interactive, technology"
RC Car 140,9,11,Electronic,50.07,"remote, interactive, technology"
RC Car 118,4,5,Electronic,57.41,"remote, interactive, technology"
Interactive Tablet Toy 67,10,11,Electronic,32.98,"remote, interactive, technology"
RC Boat 14,1,9,Electronic,10.48,"remote, interactive, technology"
Robot Dog 77,4,10,Electronic,10.14,"remote, interactive, technology"
Remote Helicopter 339,9,10,Electronic,90.74,"remote, interactive, technology"
Interactive Tablet Toy 87,10,11,Electronic,53.12,"remote, interactive, technology"
Robot Dog 489,3,8,Electronic,30.93,"remote, interactive, technology"
Remote Helicopter 433,2,12,Electronic,76.89,"remote, interactive, technology"
Remote Helicopter 6,3,10,Electronic,87.92,"remote, interactive, technology"
Robot Dog 181,9,10,Electronic,81.54,"remote, interactive, technology"
RC Boat 442,2,6,Electronic,58.27,"remote, interactive, technology"
Robot Dog 402,6,8,Electronic,6.84,"remote, interactive, technology"
Interactive Tablet Toy 125,2,4,Electronic,43.32,"remote, interactive, technology"
Robot Dog 175,3,7,Electronic,77.43,"remote, interactive, technology"
RC Car 169,9,11,Electronic,64.75,"remote, interactive, technology"
Robot Dog 460,6,8,Electronic,97.89,"remote, interactive, technology"
RC Boat 273,6,7,Electronic,6.49,"remote, interactive, technology"
Remote Helicopter 17,8,12,Electronic,54.31,"remote, interactive, technology"
Robot Dog 382,10,11,Electronic,66.33,"remote, interactive, technology"
RC Car 90,0,5,Electronic,29.62,"remote, interactive, technology"
RC Car 475,8,11,Electronic,64.65,"remote, interactive, technology"
RC Boat 51,4,8,Electronic,35.45,"remote, interactive, technology"
RC Car 281,0,7,Electronic,71.29,"remote, interactive, technology"
Interactive Tablet Toy 358,6,8,Electronic,21.45,"remote, interactive, technology"
RC Boat 15,1,6,Electronic,32.99,"remote, interactive, technology"
Remote Helicopter 350,4,8,Electronic,81.39,"remote, interactive, technology"
Interactive Tablet Toy 115,3,6,Electronic,66.15,"remote, interactive, technology"
Robot Dog 36,10,11,Electronic,75.56,"remote, interactive, technology"
RC Boat 390,1,10,Electronic,29.04,"remote, interactive, technology"
RC Boat 117,4,7,Electronic,56.57,"remote, interactive, technology"
RC Boat 30,0,12,Electronic,47.56,"remote, interactive, technology"
RC Boat 437,3,7,Electronic,34.87,"remote, interactive, technology"
RC Boat 311,6,7,Electronic,66.06,"remote, interactive, technology"
Remote Helicopter 80,7,12,Electronic,55.93,"remote, interactive, technology"
RC Boat 146,3,9,Electronic,10.8,"remote, interactive, technology"
Robot Dog 354,8,12,Electronic,85.62,"remote, interactive, technology"
Robot Dog 478,4,10,Electronic,10.18,"remote, interactive, technology"
RC Car 41,4,10,Electronic,30.08,"remote, interactive, technology"
Remote Helicopter 141,2,4,Electronic,74.45,"remote, interactive, technology"
RC Boat 282,0,12,Electronic,90.27,"remote, interactive, technology"
Robot Dog 74,8,11,Electronic,45.31,"remote, interactive, technology"
Remote Helicopter 217,3,6,Electronic,45.8,"remote, interactive, technology"
Robot Dog 49,0,9,Electronic,30.95,"remote, interactive, technology"
Robot Dog 122,10,11,Electronic,6.37,"remote, interactive, technology"
Robot Dog 71,1,5,Electronic,55.67,"remote, interactive, technology"
Remote Helicopter 348,5,10,Electronic,50.73,"remote, interactive, technology"
Interactive Tablet Toy 207,8,10,Electronic,59.18,"remote, interactive, technology"
Remote Helicopter 344,3,6,Electronic,16.57,"remote, interactive, technology"
RC Car 109,10,12,Electronic,81.3,"remote, interactive, technology"
RC Boat 446,10,11,Electronic,49.11,"remote, interactive, technology"
Number Blocks 314,1,5,Educational/Cognitive,12.46,"logic, learning, educational"
Memory Game 280,2,12,Educational/Cognitive,8.78,"logic, learning, educational"
Shape Sorter Puzzle 13,7,8,Educational/Cognitive,33.41,"logic, learning, educational"
Logic Puzzle 79,0,3,Educational/Cognitive,29.5,"logic, learning, educational"
Logic Puzzle 237,6,12,Educational/Cognitive,24.07,"logic, learning, educational"
Number Blocks 451,10,11,Educational/Cognitive,37.81,"logic, learning, educational"
Logic Puzzle 437,5,7,Educational/Cognitive,78.31,"logic, learning, educational"
Logic Puzzle 297,5,9,Educational/Cognitive,19.26,"logic, learning, educational"
Alphabet Puzzle 461,3,12,Educational/Cognitive,28.77,"logic, learning, educational"
Alphabet Puzzle 289,2,3,Educational/Cognitive,45.52,"logic, learning, educational"
Alphabet Puzzle 427,2,9,Educational/Cognitive,10.23,"logic, learning, educational"
Shape Sorter Puzzle 96,6,12,Educational/Cognitive,64.13,"logic, learning, educational"
Memory Game 318,0,3,Educational/Cognitive,94.19,"logic, learning, educational"
Alphabet Puzzle 281,9,12,Educational/Cognitive,96.21,"logic, learning, educational"
Shape Sorter Puzzle 290,4,11,Educational/Cognitive,82.38,"logic, learning, educational"
Number Blocks 74,10,12,Educational/Cognitive,52.94,"logic, learning, educational"
Alphabet Puzzle 495,1,5,Educational/Cognitive,16.44,"logic, learning, educational"
Shape Sorter Puzzle 394,7,10,Educational/Cognitive,49.66,"logic, learning, educational"
Logic Puzzle 246,1,2,Educational/Cognitive,18.57,"logic, learning, educational"
Logic Puzzle 6,0,12,Educational/Cognitive,37.94,"logic, learning, educational"
Alphabet Puzzle 179,2,8,Educational/Cognitive,6.52,"logic, learning, educational"
Shape Sorter Puzzle 429,4,11,Educational/Cognitive,57.17,"logic, learning, educational"
Shape Sorter Puzzle 119,0,7,Educational/Cognitive,19.43,"logic, learning, educational"
Number Blocks 64,2,6,Educational/Cognitive,81.2,"logic, learning, educational"
Alphabet Puzzle 318,9,12,Educational/Cognitive,85.11,"logic, learning, educational"
Memory Game 309,8,9,Educational/Cognitive,20.31,"logic, learning, educational"
Memory Game 417,9,10,Educational/Cognitive,72.34,"logic, learning, educational"
Number Blocks 418,3,5,Educational/Cognitive,67.93,"logic, learning, educational"
Memory Game 393,5,10,Educational/Cognitive,62.24,"logic, learning, educational"
Shape Sorter Puzzle 239,0,3,Educational/Cognitive,49.61,"logic, learning, educational"
Shape Sorter Puzzle 266,5,7,Educational/Cognitive,34.83,"logic, learning, educational"
Alphabet Puzzle 263,2,10,Educational/Cognitive,86.52,"logic, learning, educational"
Alphabet Puzzle 387,3,11,Educational/Cognitive,58.38,"logic, learning, educational"
Logic Puzzle 129,2,8,Educational/Cognitive,5.92,"logic, learning, educational"
Logic Puzzle 367,4,8,Educational/Cognitive,22.95,"logic, learning, educational"
Logic Puzzle 497,2,9,Educational/Cognitive,49.05,"logic, learning, educational"
Number Blocks 307,5,11,Educational/Cognitive,49.55,"logic, learning, educational"
Alphabet Puzzle 207,3,4,Educational/Cognitive,58.12,"logic, learning, educational"
Shape Sorter Puzzle 388,1,9,Educational/Cognitive,50.22,"logic, learning, educational"
Alphabet Puzzle 486,4,11,Educational/Cognitive,9.12,"logic, learning, educational"
Shape Sorter Puzzle 332,8,10,Educational/Cognitive,41.96,"logic, learning, educational"
Logic Puzzle 295,2,11,Educational/Cognitive,8.96,"logic, learning, educational"
Alphabet Puzzle 369,9,12,Educational/Cognitive,57.2,"logic, learning, educational"
Memory Game 237,8,12,Educational/Cognitive,51.66,"logic, learning, educational"
Shape Sorter Puzzle 455,0,9,Educational/Cognitive,55.88,"logic, learning, educational"
Logic Puzzle 464,3,9,Educational/Cognitive,59.34,"logic, learning, educational"
Alphabet Puzzle 377,8,10,Educational/Cognitive,33.58,"logic, learning, educational"
Number Blocks 83,8,11,Educational/Cognitive,89.42,"logic, learning, educational"
Alphabet Puzzle 27,0,10,Educational/Cognitive,70.08,"logic, learning, educational"
Logic Puzzle 162,4,10,Educational/Cognitive,32.06,"logic, learning, educational"
Alphabet Puzzle 185,8,9,Educational/Cognitive,11.89,"logic, learning, educational"
Alphabet Puzzle 39,6,11,Educational/Cognitive,69.2,"logic, learning, educational"
Alphabet Puzzle 326,10,11,Educational/Cognitive,7.65,"logic, learning, educational"
Alphabet Puzzle 232,8,10,Educational/Cognitive,51.73,"logic, learning, educational"
Number Blocks 91,9,12,Educational/Cognitive,73.49,"logic, learning, educational"
Shape Sorter Puzzle 111,8,11,Educational/Cognitive,45.96,"logic, learning, educational"
Number Blocks 477,2,6,Educational/Cognitive,53.54,"logic, learning, educational"
Number Blocks 109,0,6,Educational/Cognitive,7.53,"logic, learning, educational"
Alphabet Puzzle 308,0,6,Educational/Cognitive,63.6,"logic, learning, educational"
Memory Game 379,8,10,Educational/Cognitive,12.9,"logic, learning, educational"
Shape Sorter Puzzle 61,0,7,Educational/Cognitive,15.68,"logic, learning, educational"
Shape Sorter Puzzle 298,10,12,Educational/Cognitive,60.5,"logic, learning, educational"
Logic Puzzle 110,5,8,Educational/Cognitive,39.14,"logic, learning, educational"
Number Blocks 422,10,12,Educational/Cognitive,95.21,"logic, learning, educational"
Alphabet Puzzle 258,2,11,Educational/Cognitive,49.93,"logic, learning, educational"
Logic Puzzle 156,2,5,Educational/Cognitive,41.87,"logic, learning, educational"
Shape Sorter Puzzle 393,6,11,Educational/Cognitive,28.45,"logic, learning, educational"
Logic Puzzle 29,10,11,Educational/Cognitive,98.2,"logic, learning, educational"
Memory Game 227,5,7,Educational/Cognitive,70.45,"logic, learning, educational"
Logic Puzzle 459,3,4,Educational/Cognitive,87.2,"logic, learning, educational"
Logic Puzzle 152,4,7,Educational/Cognitive,16.31,"logic, learning, educational"
Alphabet Puzzle 494,9,11,Educational/Cognitive,92.27,"logic, learning, educational"
Shape Sorter Puzzle 280,2,10,Educational/Cognitive,13.89,"logic, learning, educational"
Alphabet Puzzle 77,10,11,Educational/Cognitive,41.01,"logic, learning, educational"
Memory Game 203,2,12,Educational/Cognitive,20.22,"logic, learning, educational"
Alphabet Puzzle 47,8,12,Educational/Cognitive,48.68,"logic, learning, educational"
Number Blocks 322,7,8,Educational/Cognitive,95.27,"logic, learning, educational"
Alphabet Puzzle 291,9,12,Educational/Cognitive,92.65,"logic, learning, educational"
Number Blocks 281,8,12,Educational/Cognitive,77.34,"logic, learning, educational"
Alphabet Puzzle 431,4,8,Educational/Cognitive,51.36,"logic, learning, educational"
Number Blocks 324,5,7,Educational/Cognitive,88.84,"logic, learning, educational"
Logic Puzzle 288,8,10,Educational/Cognitive,54.83,"logic, learning, educational"
Memory Game 59,2,10,Educational/Cognitive,57.62,"logic, learning, educational"
Logic Puzzle 174,10,11,Educational/Cognitive,75.69,"logic, learning, educational"
Shape Sorter Puzzle 365,7,11,Educational/Cognitive,87.08,"logic, learning, educational"
Shape Sorter Puzzle 61,3,5,Educational/Cognitive,6.82,"logic, learning, educational"
Shape Sorter Puzzle 454,5,6,Educational/Cognitive,11.12,"logic, learning, educational"
Logic Puzzle 174,0,7,Educational/Cognitive,13.31,"logic, learning, educational"
Memory Game 444,2,9,Educational/Cognitive,97.92,"logic, learning, educational"
Number Blocks 69,1,7,Educational/Cognitive,5.75,"logic, learning, educational"
Number Blocks 454,7,10,Educational/Cognitive,63.51,"logic, learning, educational"
Logic Puzzle 226,2,5,Educational/Cognitive,29.33,"logic, learning, educational"
Memory Game 9,2,8,Educational/Cognitive,37.85,"logic, learning, educational"
Number Blocks 350,3,5,Educational/Cognitive,74.89,"logic, learning, educational"
Alphabet Puzzle 95,3,8,Educational/Cognitive,60.24,"logic, learning, educational"
Memory Game 459,3,7,Educational/Cognitive,64.09,"logic, learning, educational"
Memory Game 114,10,11,Educational/Cognitive,49.68,"logic, learning, educational"
Memory Game 115,9,12,Educational/Cognitive,53.02,"logic, learning, educational"
Alphabet Puzzle 200,4,5,Educational/Cognitive,10.35,"logic, learning, educational"
Number Blocks 59,1,10,Educational/Cognitive,51.75,"logic, learning, educational"
